rank,name,overall_score,teaching_score,research_score,citations_score,industry_income_score,international_outlook_score,number_students,student_staff_ratio,intl_students,year,rank_n,overall_score_n,teaching_score_n,research_score_n,citations_score_n,industry_income_score_n,international_outlook_score_n,number_students_n,student_staff_ratio_n,intl_students_n,trend_category
7,University of Oxford,91.2,88.2,93.9,95.1,73.5,77.2,19919,0.12,0.34,2011,0.0027,0.9434,0.8743,0.9414,0.9505,0.735,0.7546,0.0109,0.0127,0.3434,Improving
34,National University of Singapore,72.9,65.5,72.6,78.7,40.5,97.8,31592,0.15,0.34,2011,0.0148,0.7443,0.6262,0.726,0.7848,0.405,0.9763,0.0173,0.0162,0.3434,Improving
37,Peking University,70.7,76.4,61.3,72.2,98.6,68.6,40148,0.08,0.14,2011,0.0161,0.7203,0.7454,0.6117,0.7192,0.986,0.662,0.022,0.0081,0.1414,Improving
50,University of Science and Technology of China,66.0,57.5,48.6,92.7,30.3,55.9,14290,0.08,0.02,2011,0.0219,0.6692,0.5388,0.4833,0.9263,0.303,0.5253,0.0078,0.0081,0.0202,Improving
58,Tsinghua University,64.2,74.9,66.6,52.7,97.8,43.0,39763,0.14,0.1,2011,0.0255,0.6496,0.729,0.6653,0.5222,0.978,0.3864,0.0218,0.015,0.101,Improving
60,New York University,63.9,62.0,50.7,82.9,53.3,31.8,42056,0.07,0.19,2011,0.0264,0.6464,0.588,0.5046,0.8273,0.533,0.2659,0.023,0.0069,0.1919,Improving
73,University of Adelaide,60.7,46.5,38.8,90.5,52.7,87.5,20771,0.3,0.26,2011,0.0322,0.6115,0.4186,0.3842,0.904,0.527,0.8654,0.0114,0.0335,0.2626,Improving
77,King s College London,59.7,48.5,54.5,72.1,44.1,85.9,21394,0.11,0.37,2011,0.034,0.6007,0.4404,0.543,0.7182,0.441,0.8482,0.0117,0.0116,0.3737,Improving
81,The University of Queensland,59.1,51.8,53.4,69.0,57.1,74.2,34718,0.33,0.27,2011,0.0358,0.5941,0.4765,0.5319,0.6869,0.571,0.7223,0.019,0.037,0.2727,Improving
101,Technical University of Munich,56.9,50.4,43.2,71.2,50.5,85.3,35565,0.32,0.2,2011,0.0448,0.5702,0.4612,0.4287,0.7091,0.505,0.8418,0.0195,0.0358,0.202,Improving
119,KU Leuven,54.8,57.7,62.9,45.2,97.7,29.6,42503,0.42,0.18,2011,0.0528,0.5473,0.541,0.6279,0.4465,0.977,0.2422,0.0233,0.0474,0.1818,Improving
120,Nanjing University,54.6,52.2,46.2,66.0,43.4,50.2,29743,0.13,0.1,2011,0.0533,0.5452,0.4809,0.459,0.6566,0.434,0.4639,0.0163,0.0139,0.101,Improving
128,University of Glasgow,54.2,45.6,50.3,65.1,61.0,55.1,22616,0.16,0.29,2011,0.0569,0.5408,0.4087,0.5005,0.6475,0.61,0.5167,0.0124,0.0173,0.2929,Improving
146,University of Birmingham,51.8,50.3,50.7,52.1,34.8,73.8,25295,0.16,0.23,2011,0.0649,0.5147,0.4601,0.5046,0.5162,0.348,0.718,0.0139,0.0173,0.2323,Improving
149,Hong Kong Polytechnic University,51.4,39.4,45.7,62.4,57.2,82.9,22064,0.26,0.26,2011,0.0663,0.5103,0.341,0.454,0.6202,0.572,0.8159,0.0121,0.0289,0.2626,Improving
165,University of Amsterdam,50.0,42.5,49.2,60.2,38.8,38.2,24570,0.14,0.11,2011,0.0734,0.4951,0.3749,0.4894,0.598,0.388,0.3348,0.0135,0.015,0.1111,Improving
169,University of W�rzburg,49.8,48.7,40.9,60.4,47.6,40.3,26576,0.38,0.08,2011,0.0752,0.4929,0.4426,0.4055,0.6,0.476,0.3574,0.0146,0.0428,0.0808,Improving
170,University of Groningen,49.7,41.7,56.4,54.1,34.2,35.5,24556,0.26,0.12,2011,0.0757,0.4918,0.3661,0.5622,0.5364,0.342,0.3057,0.0135,0.0289,0.1212,Improving
173,Bielefeld University,49.3,39.9,35.7,70.4,47.5,50.7,21428,0.68,0.08,2011,0.077,0.4875,0.3464,0.3529,0.701,0.475,0.4693,0.0117,0.0775,0.0808,Improving
177,University of Copenhagen,48.8,44.1,45.7,58.3,26.1,45.8,27545,0.04,0.19,2011,0.0788,0.482,0.3923,0.454,0.5788,0.261,0.4166,0.0151,0.0035,0.1919,Improving
179,Monash University,48.5,39.4,38.8,60.5,40.8,87.1,50882,0.41,0.36,2011,0.0797,0.4788,0.341,0.3842,0.601,0.408,0.8611,0.0279,0.0462,0.3636,Improving
182,RWTH Aachen University,48.2,50.0,42.5,48.9,56.6,63.8,37917,0.28,0.16,2011,0.0811,0.4755,0.4568,0.4216,0.4838,0.566,0.6103,0.0208,0.0312,0.1616,Improving
189,University of T�bingen,47.0,45.9,36.3,57.3,32.3,57.8,28327,0.39,0.12,2011,0.0842,0.4625,0.412,0.3589,0.5687,0.323,0.5457,0.0155,0.0439,0.1212,Improving
198,Zhejiang University,46.4,54.6,41.3,44.3,70.3,29.6,47508,0.16,0.05,2011,0.0882,0.4559,0.5071,0.4095,0.4374,0.703,0.2422,0.026,0.0173,0.0505,Improving
4,University of Oxford,93.6,89.5,96.6,97.9,62.1,91.9,19919,0.12,0.34,2012,0.0013,0.9695,0.8885,0.9687,0.9788,0.621,0.9128,0.0109,0.0127,0.3434,Improving
40,National University of Singapore,70.9,65.7,79.0,63.4,60.7,93.0,31592,0.15,0.34,2012,0.0175,0.7225,0.6284,0.7907,0.6303,0.607,0.9247,0.0173,0.0162,0.3434,Improving
44,New York University,69.0,60.2,65.4,92.3,30.9,38.1,42056,0.07,0.19,2012,0.0193,0.7018,0.5683,0.6532,0.9222,0.309,0.3337,0.023,0.0069,0.1919,Improving
50,Peking University,65.6,82.3,64.1,51.0,99.9,51.7,40148,0.08,0.14,2012,0.0219,0.6649,0.8098,0.64,0.5051,0.999,0.4801,0.022,0.0081,0.1414,Improving
56,King s College London,63.2,49.8,54.2,80.9,40.8,90.0,21394,0.11,0.37,2012,0.0246,0.6387,0.4546,0.5399,0.8071,0.408,0.8924,0.0117,0.0116,0.3737,Improving
67,KU Leuven,60.8,52.5,64.7,63.0,99.9,56.7,42503,0.42,0.18,2012,0.0296,0.6126,0.4842,0.6461,0.6263,0.999,0.5339,0.0233,0.0474,0.1818,Improving
71,Tsinghua University,59.5,74.1,70.1,37.4,99.8,33.4,39763,0.14,0.1,2012,0.0313,0.5985,0.7202,0.7007,0.3677,0.998,0.2831,0.0218,0.015,0.101,Improving
74,The University of Queensland,58.6,47.5,52.3,70.2,62.6,80.8,34718,0.33,0.27,2012,0.0327,0.5887,0.4295,0.5207,0.699,0.626,0.7933,0.019,0.037,0.2727,Improving
88,Technical University of Munich,55.1,50.0,37.1,76.3,47.2,65.2,35565,0.32,0.2,2012,0.039,0.5506,0.4568,0.367,0.7606,0.472,0.6254,0.0195,0.0358,0.202,Improving
92,University of Amsterdam,54.7,41.7,54.7,68.3,42.5,56.4,24570,0.14,0.11,2012,0.0408,0.5462,0.3661,0.545,0.6798,0.425,0.5307,0.0135,0.015,0.1111,Improving
102,University of Glasgow,53.4,37.5,41.0,77.5,61.4,68.1,22616,0.16,0.29,2012,0.0452,0.5321,0.3202,0.4065,0.7727,0.614,0.6566,0.0124,0.0173,0.2929,Improving
112,University of Bern,52.1,43.0,34.6,73.5,38.2,77.6,14708,0.23,0.14,2012,0.0497,0.518,0.3803,0.3418,0.7323,0.382,0.7589,0.0081,0.0254,0.1414,Improving
117,Monash University,51.1,40.5,48.5,57.1,62.2,75.8,50882,0.41,0.36,2012,0.0519,0.5071,0.353,0.4823,0.5667,0.622,0.7395,0.0279,0.0462,0.3636,Improving
134,University of Groningen,49.2,32.4,52.4,62.4,59.9,47.3,24556,0.26,0.12,2012,0.0596,0.4864,0.2645,0.5217,0.6202,0.599,0.4327,0.0135,0.0289,0.1212,Improving
136,University of Copenhagen,49.0,37.8,31.6,72.1,37.0,74.8,27545,0.04,0.19,2012,0.0605,0.4842,0.3235,0.3114,0.7182,0.37,0.7287,0.0151,0.0035,0.1919,Improving
148,University of Birmingham,46.9,42.6,42.6,50.6,36.0,70.3,25295,0.16,0.23,2012,0.0658,0.4614,0.376,0.4226,0.501,0.36,0.6803,0.0139,0.0173,0.2323,Improving
151,Chinese University of Hong Kong,46.6,47.0,50.2,37.8,36.4,69.5,17916,0.1,0.22,2012,0.0672,0.4581,0.424,0.4995,0.3717,0.364,0.6717,0.0098,0.0104,0.2222,Improving
158,University of Warwick,46.0,39.7,44.5,45.0,31.3,85.5,18529,0.17,0.37,2012,0.0703,0.4516,0.3443,0.4419,0.4444,0.313,0.8439,0.0102,0.0185,0.3737,Improving
168,RWTH Aachen University,45.1,36.1,25.1,67.2,61.8,67.1,37917,0.28,0.16,2012,0.0748,0.4418,0.3049,0.2457,0.6687,0.618,0.6459,0.0208,0.0312,0.1616,Improving
183,University of Oslo,43.6,33.5,36.9,56.6,29.0,63.9,27139,0.19,0.18,2012,0.0815,0.4255,0.2765,0.365,0.5616,0.29,0.6114,0.0149,0.0208,0.1818,Improving
188,University of T�bingen,43.0,34.4,24.1,67.6,31.0,58.1,28327,0.39,0.12,2012,0.0837,0.4189,0.2863,0.2356,0.6727,0.31,0.549,0.0155,0.0439,0.1212,Improving
192,University of Science and Technology of China,42.7,38.9,23.5,73.6,29.7,14.8,14290,0.08,0.02,2012,0.0855,0.4157,0.3355,0.2295,0.7333,0.297,0.0829,0.0078,0.0081,0.0202,Improving
210,Ulm University,43.1,40.8,18.8,46.7,69.8,50.8,9187,0.11,0.1,2012,0.0936,0.42,0.3563,0.182,0.4616,0.698,0.4704,0.005,0.0116,0.101,Improving
213,University of Adelaide,42.9,32.2,33.4,43.8,50.7,81.7,20771,0.3,0.26,2012,0.0949,0.4178,0.2623,0.3296,0.4323,0.507,0.803,0.0114,0.0335,0.2626,Improving
226,University of W�rzburg,42.0,31.3,18.0,63.0,27.9,44.0,26576,0.38,0.08,2012,0.1008,0.4081,0.2525,0.1739,0.6263,0.279,0.3972,0.0146,0.0428,0.0808,Improving
234,Fudan University,41.5,42.4,26.2,42.9,40.5,36.1,32175,0.12,0.11,2012,0.1043,0.4026,0.3738,0.2568,0.4232,0.405,0.3122,0.0176,0.0127,0.1111,Improving
236,Macquarie University,41.4,21.3,23.2,46.5,42.3,93.0,27930,0.2,0.44,2012,0.1052,0.4015,0.1432,0.2265,0.4596,0.423,0.9247,0.0153,0.022,0.4444,Improving
242,University of Bologna,41.1,32.7,22.0,52.1,32.2,34.9,85532,0.23,0.07,2012,0.1079,0.3983,0.2678,0.2144,0.5162,0.322,0.2992,0.0469,0.0254,0.0707,Improving
248,University of Padua,40.7,24.2,26.0,56.2,31.1,34.3,62577,0.18,0.04,2012,0.1106,0.3939,0.1749,0.2548,0.5576,0.311,0.2928,0.0343,0.0197,0.0404,Improving
252,Bielefeld University,40.5,19.1,17.0,61.6,28.6,45.2,21428,0.68,0.08,2012,0.1124,0.3917,0.1191,0.1638,0.6121,0.286,0.4101,0.0117,0.0775,0.0808,Improving
254,Hong Kong Polytechnic University,40.4,30.1,37.3,22.2,72.8,62.5,22064,0.26,0.26,2012,0.1133,0.3906,0.2393,0.3691,0.2141,0.728,0.5963,0.0121,0.0289,0.2626,Improving
257,Nanjing University,40.2,40.9,24.2,42.3,42.9,25.0,29743,0.13,0.1,2012,0.1146,0.3885,0.3574,0.2366,0.4172,0.429,0.1927,0.0163,0.0139,0.101,Improving
260,Queen s University Belfast,40.0,26.5,21.3,42.0,41.9,89.5,17940,0.18,0.3,2012,0.116,0.3863,0.2,0.2073,0.4141,0.419,0.887,0.0098,0.0197,0.303,Improving
265,University of Bath,39.8,25.2,23.2,39.9,38.9,80.6,12830,0.19,0.3,2012,0.1182,0.3841,0.1858,0.2265,0.3929,0.389,0.7912,0.007,0.0208,0.303,Improving
273,University of Wollongong,39.3,21.4,23.0,43.5,40.4,88.7,16489,0.25,0.24,2012,0.1218,0.3787,0.1443,0.2245,0.4293,0.404,0.8784,0.009,0.0277,0.2424,Improving
285,Queensland University of Technology,38.7,21.0,26.7,35.5,62.5,76.7,33391,0.36,0.17,2012,0.1272,0.3721,0.1399,0.2619,0.3485,0.625,0.7492,0.0183,0.0405,0.1717,Improving
303,Aalto University,37.8,26.2,22.2,37.5,61.9,49.0,16099,0.24,0.17,2012,0.1352,0.3624,0.1967,0.2164,0.3687,0.619,0.451,0.0088,0.0266,0.1717,Improving
321,Sapienza University of Rome,37.0,29.6,27.2,29.2,32.8,32.4,120986,0.32,0.07,2012,0.1433,0.3536,0.2339,0.2669,0.2848,0.328,0.2723,0.0663,0.0358,0.0707,Improving
322,Shanghai Jiao Tong University,37.0,39.4,29.7,19.1,85.2,20.5,38191,0.13,0.06,2012,0.1438,0.3536,0.341,0.2922,0.1828,0.852,0.1442,0.0209,0.0139,0.0606,Improving
324,Sungkyunkwan University (SKKU),36.9,31.4,32.1,23.9,99.4,26.6,24365,0.2,0.09,2012,0.1446,0.3526,0.2536,0.3165,0.2313,0.994,0.2099,0.0134,0.022,0.0909,Improving
342,University of Surrey,36.1,32.6,25.2,12.4,46.9,81.5,12063,0.17,0.38,2012,0.1527,0.3439,0.2667,0.2467,0.1152,0.469,0.8009,0.0066,0.0185,0.3838,Improving
349,Vrije Universiteit Brussel,35.8,23.4,21.1,36.7,66.2,49.4,9020,0.17,0.16,2012,0.1558,0.3406,0.1661,0.2053,0.3606,0.662,0.4553,0.0049,0.0185,0.1616,Improving
351,Zhejiang University,35.7,38.8,27.2,23.0,84.4,13.9,47508,0.16,0.05,2012,0.1567,0.3395,0.3344,0.2669,0.2222,0.844,0.0732,0.026,0.0173,0.0505,Improving
355,Curtin University,35.6,17.1,12.3,28.7,31.3,91.4,30333,0.17,0.38,2012,0.1585,0.3384,0.0973,0.1163,0.2798,0.313,0.9074,0.0166,0.0185,0.3838,Improving
356,Deakin University,35.5,17.7,16.8,26.2,27.9,56.3,32713,0.3,0.17,2012,0.159,0.3373,0.1038,0.1618,0.2545,0.279,0.5296,0.0179,0.0335,0.1717,Improving
396,University of Tartu,34.0,17.8,17.8,34.4,26.3,42.0,10269,0.13,0.03,2012,0.1769,0.321,0.1049,0.1719,0.3374,0.263,0.3757,0.0056,0.0139,0.0303,Improving
401,Wuhan University,33.8,31.3,12.9,25.3,66.7,21.7,46227,0.14,0.07,2012,0.1791,0.3188,0.2525,0.1223,0.2455,0.667,0.1572,0.0253,0.015,0.0707,Improving
3,University of Oxford,93.7,89.7,98.1,95.6,79.8,88.7,19919,0.12,0.34,2013,0.0009,0.9706,0.8907,0.9838,0.9556,0.798,0.8784,0.0109,0.0127,0.3434,Improving
29,National University of Singapore,77.5,74.4,87.2,67.2,77.4,92.3,31592,0.15,0.34,2013,0.0125,0.7943,0.7235,0.8736,0.6687,0.774,0.9171,0.0173,0.0162,0.3434,Improving
41,New York University,72.8,73.8,67.4,89.2,29.5,38.7,42056,0.07,0.19,2013,0.0179,0.7432,0.7169,0.6734,0.8909,0.295,0.3402,0.023,0.0069,0.1919,Improving
46,Peking University,70.7,81.5,67.9,64.3,99.9,54.1,40148,0.08,0.14,2013,0.0202,0.7203,0.8011,0.6785,0.6394,0.999,0.5059,0.022,0.0081,0.1414,Improving
52,Tsinghua University,67.1,74.5,76.4,55.2,99.2,37.2,39763,0.14,0.1,2013,0.0228,0.6812,0.7246,0.7644,0.5475,0.992,0.324,0.0218,0.015,0.101,Improving
57,King s College London,66.2,53.5,59.3,82.8,42.4,86.0,21394,0.11,0.37,2013,0.0251,0.6714,0.4951,0.5915,0.8263,0.424,0.8493,0.0117,0.0116,0.3737,Improving
58,KU Leuven,66.1,59.7,71.0,67.2,99.7,56.6,42503,0.42,0.18,2013,0.0255,0.6703,0.5628,0.7098,0.6687,0.997,0.5328,0.0233,0.0474,0.1818,Improving
66,The University of Queensland,64.4,54.4,66.1,69.6,64.0,77.8,34718,0.33,0.27,2013,0.0291,0.6518,0.5049,0.6603,0.6929,0.64,0.761,0.019,0.037,0.2727,Improving
83,University of Amsterdam,60.1,45.6,61.3,75.1,49.0,57.0,24570,0.14,0.11,2013,0.0367,0.605,0.4087,0.6117,0.7485,0.49,0.5371,0.0135,0.015,0.1111,Improving
89,University of Groningen,58.8,43.8,61.0,71.6,85.2,49.8,24556,0.26,0.12,2013,0.0394,0.5909,0.3891,0.6087,0.7131,0.852,0.4596,0.0135,0.0289,0.1212,Improving
100,Monash University,57.5,47.8,60.6,60.9,70.0,66.4,50882,0.41,0.36,2013,0.0443,0.5767,0.4328,0.6047,0.6051,0.7,0.6383,0.0279,0.0462,0.3636,Improving
105,Technical University of Munich,56.8,51.2,42.4,76.5,49.7,61.5,35565,0.32,0.2,2013,0.0466,0.5691,0.4699,0.4206,0.7626,0.497,0.5856,0.0195,0.0358,0.202,Improving
124,Chinese University of Hong Kong,54.4,53.7,63.1,45.1,44.5,62.6,17916,0.1,0.22,2013,0.0551,0.543,0.4973,0.6299,0.4455,0.445,0.5974,0.0098,0.0104,0.2222,Improving
126,University of Warwick,54.4,48.9,50.5,58.8,35.3,80.9,18529,0.17,0.37,2013,0.056,0.543,0.4448,0.5025,0.5838,0.353,0.7944,0.0102,0.0185,0.3737,Improving
130,University of Copenhagen,53.6,42.2,40.4,74.3,39.7,73.5,27545,0.04,0.19,2013,0.0578,0.5343,0.3716,0.4004,0.7404,0.397,0.7147,0.0151,0.0035,0.1919,Improving
139,University of Glasgow,53.0,37.3,40.2,78.1,44.1,69.7,22616,0.16,0.29,2013,0.0618,0.5277,0.318,0.3984,0.7788,0.441,0.6738,0.0124,0.0173,0.2929,Improving
152,University of Bern,51.5,43.0,36.0,69.7,42.0,77.3,14708,0.23,0.14,2013,0.0676,0.5114,0.3803,0.3559,0.6939,0.42,0.7557,0.0081,0.0254,0.1414,Improving
154,RWTH Aachen University,51.1,45.3,32.4,73.8,63.1,53.9,37917,0.28,0.16,2013,0.0685,0.5071,0.4055,0.3195,0.7354,0.631,0.5038,0.0208,0.0312,0.1616,Improving
159,University of Birmingham,50.5,44.8,46.7,56.3,38.4,69.7,25295,0.16,0.23,2013,0.0708,0.5005,0.4,0.4641,0.5586,0.384,0.6738,0.0139,0.0173,0.2323,Improving
177,University of Adelaide,48.8,37.3,43.7,55.9,63.2,82.2,20771,0.3,0.26,2013,0.0788,0.482,0.318,0.4338,0.5545,0.632,0.8084,0.0114,0.0335,0.2626,Improving
204,Fudan University,48.4,45.3,39.5,51.3,46.3,38.6,32175,0.12,0.11,2013,0.0909,0.4777,0.4055,0.3913,0.5081,0.463,0.3391,0.0176,0.0127,0.1111,Improving
213,Sungkyunkwan University (SKKU),47.8,47.1,48.7,39.3,98.7,30.9,24365,0.2,0.09,2013,0.0949,0.4712,0.4251,0.4843,0.3869,0.987,0.2562,0.0134,0.022,0.0909,Improving
222,University of Oslo,47.3,33.5,39.8,62.3,31.4,59.0,27139,0.19,0.18,2013,0.099,0.4657,0.2765,0.3943,0.6192,0.314,0.5587,0.0149,0.0208,0.1818,Improving
223,University of Science and Technology of China,47.2,39.2,27.7,72.7,50.1,22.0,14290,0.08,0.02,2013,0.0994,0.4646,0.3388,0.272,0.7242,0.501,0.1604,0.0078,0.0081,0.0202,Improving
225,University of T�bingen,47.1,36.3,25.1,73.8,31.6,56.3,28327,0.39,0.12,2013,0.1003,0.4635,0.3071,0.2457,0.7354,0.316,0.5296,0.0155,0.0439,0.1212,Improving
250,University of W�rzburg,45.7,33.0,19.4,70.9,30.4,44.8,26576,0.38,0.08,2013,0.1115,0.4483,0.271,0.1881,0.7061,0.304,0.4058,0.0146,0.0428,0.0808,Improving
252,Aalto University,45.6,34.4,26.8,50.1,73.7,52.0,16099,0.24,0.17,2013,0.1124,0.4472,0.2863,0.2629,0.496,0.737,0.4833,0.0088,0.0266,0.1717,Improving
254,Hong Kong Polytechnic University,45.5,34.6,41.2,39.8,42.2,65.4,22064,0.26,0.26,2013,0.1133,0.4461,0.2885,0.4085,0.3919,0.422,0.6276,0.0121,0.0289,0.2626,Improving
256,Macquarie University,45.4,22.0,29.6,54.8,37.2,86.8,27930,0.2,0.44,2013,0.1142,0.445,0.1508,0.2912,0.5434,0.372,0.8579,0.0153,0.022,0.4444,Improving
257,Nanjing University,45.3,41.3,25.3,52.1,47.7,48.4,29743,0.13,0.1,2013,0.1146,0.444,0.3617,0.2477,0.5162,0.477,0.4446,0.0163,0.0139,0.101,Improving
260,Queensland University of Technology,45.2,27.6,37.0,47.0,58.9,69.2,33391,0.36,0.17,2013,0.116,0.4429,0.212,0.366,0.4646,0.589,0.6685,0.0183,0.0405,0.1717,Improving
279,Bielefeld University,44.3,27.4,20.3,63.5,35.1,47.5,21428,0.68,0.08,2013,0.1245,0.4331,0.2098,0.1972,0.6313,0.351,0.4349,0.0117,0.0775,0.0808,Improving
286,Queen s University Belfast,43.9,28.0,23.8,52.2,48.1,87.1,17940,0.18,0.3,2013,0.1276,0.4287,0.2164,0.2326,0.5172,0.481,0.8611,0.0098,0.0197,0.303,Improving
288,Shanghai Jiao Tong University,43.8,43.4,37.9,31.3,76.1,20.7,38191,0.13,0.06,2013,0.1285,0.4276,0.3847,0.3751,0.3061,0.761,0.1464,0.0209,0.0139,0.0606,Improving
292,University of Bath,43.7,28.0,28.8,50.2,42.8,75.9,12830,0.19,0.3,2013,0.1303,0.4266,0.2164,0.2831,0.497,0.428,0.7406,0.007,0.0208,0.303,Improving
293,University of Bologna,43.6,34.4,27.4,53.9,35.1,37.6,85532,0.23,0.07,2013,0.1308,0.4255,0.2863,0.269,0.5343,0.351,0.3283,0.0469,0.0254,0.0707,Improving
310,King Abdulaziz University,42.9,19.7,10.3,63.4,40.2,71.0,35889,0.08,0.21,2013,0.1384,0.4178,0.1257,0.0961,0.6303,0.402,0.6878,0.0197,0.0081,0.2121,Improving
313,Medical University of Vienna,42.7,23.7,13.4,66.0,33.2,66.2,7426,0.03,0.28,2013,0.1397,0.4157,0.1694,0.1274,0.6566,0.332,0.6362,0.0041,0.0023,0.2828,Improving
321,Sapienza University of Rome,42.4,35.3,30.6,39.1,36.0,33.2,120986,0.32,0.07,2013,0.1433,0.4124,0.2962,0.3013,0.3848,0.36,0.2809,0.0663,0.0358,0.0707,Improving
336,University of Padua,41.8,21.0,21.4,64.5,31.7,37.0,62577,0.18,0.04,2013,0.15,0.4059,0.1399,0.2083,0.6414,0.317,0.3219,0.0343,0.0197,0.0404,Improving
345,University of Wollongong,41.5,22.5,27.3,47.4,54.0,83.7,16489,0.25,0.24,2013,0.1541,0.4026,0.1563,0.2679,0.4687,0.54,0.8245,0.009,0.0277,0.2424,Improving
346,Vrije Universiteit Brussel,41.4,26.7,26.8,53.8,37.5,48.4,9020,0.17,0.16,2013,0.1545,0.4015,0.2022,0.2629,0.5333,0.375,0.4446,0.0049,0.0185,0.1616,Improving
350,Zhejiang University,41.3,40.3,34.5,32.6,89.0,20.1,47508,0.16,0.05,2013,0.1563,0.4004,0.3508,0.3407,0.3192,0.89,0.1399,0.026,0.0173,0.0505,Improving
354,Deakin University,41.1,20.0,22.0,47.1,30.1,68.4,32713,0.3,0.17,2013,0.1581,0.3983,0.129,0.2144,0.4657,0.301,0.6598,0.0179,0.0335,0.1717,Improving
390,University of Surrey,39.8,31.1,25.0,21.6,45.4,80.4,12063,0.17,0.38,2013,0.1742,0.3841,0.2503,0.2447,0.2081,0.454,0.789,0.0066,0.0185,0.3838,Improving
391,University of Tartu,39.8,18.6,27.4,52.4,30.1,42.4,10269,0.13,0.03,2013,0.1747,0.3841,0.1137,0.269,0.5192,0.301,0.38,0.0056,0.0139,0.0303,Improving
393,University of Technology Sydney,39.7,20.7,21.5,34.7,33.9,74.7,24519,0.44,0.31,2013,0.1755,0.383,0.1366,0.2093,0.3404,0.339,0.7277,0.0134,0.0497,0.3131,Improving
3,University of Oxford,93.9,89.0,98.5,95.4,90.3,90.2,19919,0.12,0.34,2014,0.0009,0.9728,0.8831,0.9879,0.9535,0.903,0.8945,0.0109,0.0127,0.3434,Improving
26,National University of Singapore,72.4,68.0,77.8,66.4,64.3,94.3,31592,0.15,0.34,2014,0.0112,0.7388,0.6536,0.7786,0.6606,0.643,0.9386,0.0173,0.0162,0.3434,Improving
38,King s College London,67.6,56.2,56.8,87.6,38.3,86.0,21394,0.11,0.37,2014,0.0166,0.6866,0.5246,0.5662,0.8747,0.383,0.8493,0.0117,0.0116,0.3737,Improving
40,New York University,67.4,65.4,58.4,87.9,29.9,41.8,42056,0.07,0.19,2014,0.0175,0.6844,0.6251,0.5824,0.8778,0.299,0.3735,0.023,0.0069,0.1919,Improving
45,Peking University,65.0,72.3,58.1,62.8,99.9,60.6,40148,0.08,0.14,2014,0.0197,0.6583,0.7005,0.5794,0.6242,0.999,0.5759,0.022,0.0081,0.1414,Improving
51,Tsinghua University,63.5,66.8,65.9,59.9,99.9,42.6,39763,0.14,0.1,2014,0.0224,0.642,0.6404,0.6582,0.5949,0.999,0.3821,0.0218,0.015,0.101,Improving
61,KU Leuven,61.3,48.6,59.9,72.9,99.9,58.6,42503,0.42,0.18,2014,0.0269,0.6181,0.4415,0.5976,0.7263,0.999,0.5544,0.0233,0.0474,0.1818,Improving
63,The University of Queensland,59.9,43.4,58.0,73.3,61.0,79.7,34718,0.33,0.27,2014,0.0278,0.6028,0.3847,0.5784,0.7303,0.61,0.7815,0.019,0.037,0.2727,Improving
84,University of Amsterdam,55.9,38.3,54.1,75.0,50.2,58.3,24570,0.14,0.11,2014,0.0372,0.5593,0.329,0.5389,0.7475,0.502,0.5511,0.0135,0.015,0.1111,Improving
87,Technical University of Munich,55.2,48.2,35.2,80.7,50.1,63.1,35565,0.32,0.2,2014,0.0385,0.5517,0.4372,0.3478,0.8051,0.501,0.6028,0.0195,0.0358,0.202,Improving
91,Monash University,54.6,42.5,48.9,65.4,67.0,78.3,50882,0.41,0.36,2014,0.0403,0.5452,0.3749,0.4863,0.6505,0.67,0.7664,0.0279,0.0462,0.3636,Improving
99,University of Groningen,52.9,36.0,48.6,71.1,87.6,53.0,24556,0.26,0.12,2014,0.0439,0.5267,0.3038,0.4833,0.7081,0.876,0.4941,0.0135,0.0289,0.1212,Improving
109,Chinese University of Hong Kong,52.0,45.5,54.7,52.4,46.4,66.9,17916,0.1,0.22,2014,0.0484,0.5169,0.4077,0.545,0.5192,0.464,0.6437,0.0098,0.0104,0.2222,Improving
119,University of Glasgow,51.6,34.5,36.6,79.2,40.8,73.7,22616,0.16,0.29,2014,0.0528,0.5125,0.2874,0.362,0.7899,0.408,0.7169,0.0124,0.0173,0.2929,Improving
129,RWTH Aachen University,50.3,40.4,31.3,76.0,73.9,55.5,37917,0.28,0.16,2014,0.0573,0.4984,0.3519,0.3084,0.7576,0.739,0.521,0.0208,0.0312,0.1616,Improving
141,University of Warwick,49.4,39.8,42.4,58.7,34.6,82.9,18529,0.17,0.37,2014,0.0627,0.4886,0.3454,0.4206,0.5828,0.346,0.8159,0.0102,0.0185,0.3737,Improving
151,University of Copenhagen,48.5,33.9,32.0,73.1,43.0,76.0,27545,0.04,0.19,2014,0.0672,0.4788,0.2809,0.3155,0.7283,0.43,0.7417,0.0151,0.0035,0.1919,Improving
153,University of Birmingham,48.3,42.8,39.6,57.5,36.7,72.2,25295,0.16,0.23,2014,0.0681,0.4766,0.3781,0.3923,0.5707,0.367,0.7008,0.0139,0.0173,0.2323,Improving
157,University of Bern,47.4,38.9,31.4,64.3,45.1,78.5,14708,0.23,0.14,2014,0.0699,0.4668,0.3355,0.3094,0.6394,0.451,0.7686,0.0081,0.0254,0.1414,Improving
186,University of Oslo,45.3,32.4,33.0,65.4,32.5,70.3,27139,0.19,0.18,2014,0.0828,0.444,0.2645,0.3256,0.6505,0.325,0.6803,0.0149,0.0208,0.1818,Improving
204,Fudan University,44.5,41.6,31.9,54.1,46.7,37.9,32175,0.12,0.11,2014,0.0909,0.4353,0.365,0.3145,0.5364,0.467,0.3315,0.0176,0.0127,0.1111,Improving
212,Sungkyunkwan University (SKKU),44.0,37.6,38.8,45.8,98.6,33.7,24365,0.2,0.09,2014,0.0945,0.4298,0.3213,0.3842,0.4525,0.986,0.2863,0.0134,0.022,0.0909,Improving
215,Ulm University,43.8,38.6,20.6,68.4,51.1,54.6,9187,0.11,0.1,2014,0.0958,0.4276,0.3322,0.2002,0.6808,0.511,0.5113,0.005,0.0116,0.101,Improving
216,University of Adelaide,43.8,28.7,34.3,56.8,54.1,78.2,20771,0.3,0.26,2014,0.0963,0.4276,0.224,0.3387,0.5636,0.541,0.7653,0.0114,0.0335,0.2626,Improving
221,University of Science and Technology of China,43.5,38.7,26.1,69.6,69.4,25.8,14290,0.08,0.02,2014,0.0985,0.4244,0.3333,0.2558,0.6929,0.694,0.2013,0.0078,0.0081,0.0202,Improving
224,University of T�bingen,43.3,31.1,21.6,71.8,32.3,56.6,28327,0.39,0.12,2014,0.0999,0.4222,0.2503,0.2103,0.7152,0.323,0.5328,0.0155,0.0439,0.1212,Improving
252,University of W�rzburg,41.8,27.1,16.0,77.0,30.4,47.4,26576,0.38,0.08,2014,0.1124,0.4059,0.2066,0.1537,0.7677,0.304,0.4338,0.0146,0.0428,0.0808,Improving
256,Hong Kong Polytechnic University,41.5,28.4,35.7,48.4,40.3,62.6,22064,0.26,0.26,2014,0.1142,0.4026,0.2208,0.3529,0.4788,0.403,0.5974,0.0121,0.0289,0.2626,Improving
257,Medical University of Vienna,41.5,25.9,15.9,68.3,33.7,69.4,7426,0.03,0.28,2014,0.1146,0.4026,0.1934,0.1527,0.6798,0.337,0.6706,0.0041,0.0023,0.2828,Improving
259,Nanjing University,41.4,36.8,23.2,52.6,51.8,50.8,29743,0.13,0.1,2014,0.1155,0.4015,0.3126,0.2265,0.5212,0.518,0.4704,0.0163,0.0139,0.101,Improving
263,Queen s University Belfast,41.2,26.9,22.8,53.8,48.5,87.5,17940,0.18,0.3,2014,0.1173,0.3993,0.2044,0.2224,0.5333,0.485,0.8654,0.0098,0.0197,0.303,Improving
275,Vrije Universiteit Brussel,40.6,30.0,24.9,59.3,44.7,54.4,9020,0.17,0.16,2014,0.1227,0.3928,0.2383,0.2437,0.5889,0.447,0.5091,0.0049,0.0185,0.1616,Improving
281,Macquarie University,40.3,20.9,23.8,54.2,37.9,91.1,27930,0.2,0.44,2014,0.1254,0.3896,0.1388,0.2326,0.5374,0.379,0.9042,0.0153,0.022,0.4444,Improving
284,Queensland University of Technology,40.2,26.6,32.3,44.0,65.3,67.9,33391,0.36,0.17,2014,0.1267,0.3885,0.2011,0.3185,0.4343,0.653,0.6545,0.0183,0.0405,0.1717,Improving
288,University of Bath,40.0,26.7,25.2,50.1,35.0,77.4,12830,0.19,0.3,2014,0.1285,0.3863,0.2022,0.2467,0.496,0.35,0.7567,0.007,0.0208,0.303,Improving
289,University of Bologna,40.0,30.7,18.6,64.2,33.5,40.7,85532,0.23,0.07,2014,0.129,0.3863,0.2459,0.18,0.6384,0.335,0.3617,0.0469,0.0254,0.0707,Improving
297,University of Wollongong,39.6,22.8,25.2,49.1,59.6,83.9,16489,0.25,0.24,2014,0.1326,0.3819,0.1596,0.2467,0.4859,0.596,0.8267,0.009,0.0277,0.2424,Improving
302,Aalto University,39.4,26.9,17.0,57.4,39.4,64.3,16099,0.24,0.17,2014,0.1348,0.3798,0.2044,0.1638,0.5697,0.394,0.6157,0.0088,0.0266,0.1717,Improving
307,Bielefeld University,39.2,22.8,17.9,59.9,35.8,46.9,21428,0.68,0.08,2014,0.137,0.3776,0.1596,0.1729,0.5949,0.358,0.4284,0.0117,0.0775,0.0808,Improving
309,Deakin University,39.1,16.6,18.7,54.2,31.1,73.4,32713,0.3,0.17,2014,0.1379,0.3765,0.0918,0.181,0.5374,0.311,0.7137,0.0179,0.0335,0.1717,Improving
325,Sapienza University of Rome,38.4,27.0,25.2,48.2,36.3,36.3,120986,0.32,0.07,2014,0.1451,0.3689,0.2055,0.2467,0.4768,0.363,0.3143,0.0663,0.0358,0.0707,Improving
326,Shanghai Jiao Tong University,38.4,35.7,31.8,32.3,79.2,22.8,38191,0.13,0.06,2014,0.1455,0.3689,0.3005,0.3134,0.3162,0.792,0.169,0.0209,0.0139,0.0606,Improving
340,University of Padua,37.8,19.3,17.3,70.4,32.0,38.9,62577,0.18,0.04,2014,0.1518,0.3624,0.1213,0.1668,0.701,0.32,0.3423,0.0343,0.0197,0.0404,Improving
345,University of Technology Sydney,37.6,22.1,22.0,47.8,36.4,87.3,24519,0.44,0.31,2014,0.1541,0.3602,0.1519,0.2144,0.4727,0.364,0.8633,0.0134,0.0497,0.3131,Improving
353,Zhejiang University,37.3,35.9,32.1,36.5,94.5,21.0,47508,0.16,0.05,2014,0.1576,0.3569,0.3027,0.3165,0.3586,0.945,0.1496,0.026,0.0173,0.0505,Improving
364,King Abdulaziz University,36.9,18.2,9.4,58.2,39.7,74.3,35889,0.08,0.21,2014,0.1626,0.3526,0.1093,0.087,0.5778,0.397,0.7234,0.0197,0.0081,0.2121,Improving
389,University of Navarra,36.0,27.3,23.4,33.7,86.2,45.7,11259,0.11,0.16,2014,0.1738,0.3428,0.2087,0.2285,0.3303,0.862,0.4155,0.0062,0.0116,0.1616,Improving
395,University of Surrey,35.8,31.1,22.7,25.7,40.3,83.5,12063,0.17,0.38,2014,0.1764,0.3406,0.2503,0.2214,0.2495,0.403,0.8224,0.0066,0.0185,0.3838,Improving
396,University of Tartu,35.8,20.3,21.2,46.2,30.3,43.7,10269,0.13,0.03,2014,0.1769,0.3406,0.1322,0.2063,0.4566,0.303,0.394,0.0056,0.0139,0.0303,Improving
3,University of Oxford,93.2,88.6,97.7,95.5,72.9,90.7,19919,0.12,0.34,2015,0.0009,0.9652,0.8787,0.9798,0.9545,0.729,0.8999,0.0109,0.0127,0.3434,Improving
25,National University of Singapore,73.3,72.0,78.1,66.0,53.4,94.9,31592,0.15,0.34,2015,0.0107,0.7486,0.6973,0.7816,0.6566,0.534,0.9451,0.0173,0.0162,0.3434,Improving
38,New York University,69.9,68.3,62.4,89.5,30.2,41.2,42056,0.07,0.19,2015,0.0166,0.7116,0.6568,0.6229,0.8939,0.302,0.3671,0.023,0.0069,0.1919,Improving
40,King s College London,69.4,55.6,62.3,88.3,39.0,87.0,21394,0.11,0.37,2015,0.0175,0.7062,0.518,0.6218,0.8818,0.39,0.8601,0.0117,0.0116,0.3737,Improving
48,Peking University,65.2,70.0,61.9,63.7,100.0,53.7,40148,0.08,0.14,2015,0.021,0.6605,0.6754,0.6178,0.6333,1.0,0.5016,0.022,0.0081,0.1414,Improving
49,Tsinghua University,65.1,64.1,68.3,65.0,99.7,44.6,39763,0.14,0.1,2015,0.0215,0.6594,0.6109,0.6825,0.6465,0.997,0.4037,0.0218,0.015,0.101,Improving
55,KU Leuven,63.7,53.0,63.6,71.8,99.9,62.3,42503,0.42,0.18,2015,0.0242,0.6442,0.4896,0.635,0.7152,0.999,0.5942,0.0233,0.0474,0.1818,Improving
65,The University of Queensland,61.2,45.8,58.4,74.2,66.2,80.4,34718,0.33,0.27,2015,0.0287,0.617,0.4109,0.5824,0.7394,0.662,0.789,0.019,0.037,0.2727,Improving
77,University of Amsterdam,58.2,42.0,55.4,76.6,56.7,60.5,24570,0.14,0.11,2015,0.034,0.5843,0.3694,0.5521,0.7636,0.567,0.5748,0.0135,0.015,0.1111,Improving
84,Monash University,56.9,43.7,54.4,65.7,73.4,79.6,50882,0.41,0.36,2015,0.0372,0.5702,0.388,0.542,0.6535,0.734,0.7804,0.0279,0.0462,0.3636,Improving
95,University of Glasgow,55.3,37.0,40.5,83.7,39.9,78.8,22616,0.16,0.29,2015,0.0421,0.5528,0.3148,0.4014,0.8354,0.399,0.7718,0.0124,0.0173,0.2929,Improving
99,Technical University of Munich,54.6,45.6,37.4,78.8,49.0,64.0,35565,0.32,0.2,2015,0.0439,0.5452,0.4087,0.3701,0.7859,0.49,0.6125,0.0195,0.0358,0.202,Improving
105,University of Warwick,53.9,41.1,45.8,68.2,35.6,85.7,18529,0.17,0.37,2015,0.0466,0.5375,0.3596,0.455,0.6788,0.356,0.8461,0.0102,0.0185,0.3737,Improving
114,University of T�bingen,53.4,41.5,44.7,74.0,54.7,53.0,28327,0.39,0.12,2015,0.0506,0.5321,0.3639,0.4439,0.7374,0.547,0.4941,0.0155,0.0439,0.1212,Improving
117,University of Groningen,53.1,36.9,50.8,68.1,88.9,56.1,24556,0.26,0.12,2015,0.0519,0.5288,0.3137,0.5056,0.6778,0.889,0.5274,0.0135,0.0289,0.1212,Improving
129,Chinese University of Hong Kong,52.4,43.9,53.5,57.8,42.8,64.0,17916,0.1,0.22,2015,0.0573,0.5212,0.3902,0.5329,0.5737,0.428,0.6125,0.0098,0.0104,0.2222,Improving
132,University of Bern,51.9,42.0,36.9,70.1,47.4,80.7,14708,0.23,0.14,2015,0.0587,0.5158,0.3694,0.365,0.698,0.474,0.7922,0.0081,0.0254,0.1414,Improving
148,Sungkyunkwan University (SKKU),50.2,48.1,50.2,51.7,98.5,35.8,24365,0.2,0.09,2015,0.0658,0.4973,0.4361,0.4995,0.5121,0.985,0.3089,0.0134,0.022,0.0909,Improving
149,University of Birmingham,50.2,42.8,39.8,62.7,36.0,75.8,25295,0.16,0.23,2015,0.0663,0.4973,0.3781,0.3943,0.6232,0.36,0.7395,0.0139,0.0173,0.2323,Improving
156,RWTH Aachen University,49.2,39.0,29.9,75.0,69.8,56.8,37917,0.28,0.16,2015,0.0694,0.4864,0.3366,0.2942,0.7475,0.698,0.535,0.0208,0.0312,0.1616,Improving
160,University of Copenhagen,49.0,34.0,34.4,73.5,44.4,71.8,27545,0.04,0.19,2015,0.0712,0.4842,0.282,0.3397,0.7323,0.444,0.6964,0.0151,0.0035,0.1919,Improving
164,University of Adelaide,48.2,33.8,40.4,61.1,65.3,79.3,20771,0.3,0.26,2015,0.073,0.4755,0.2798,0.4004,0.6071,0.653,0.7772,0.0114,0.0335,0.2626,Improving
186,University of Oslo,46.7,36.1,35.2,66.3,36.6,60.3,27139,0.19,0.18,2015,0.0828,0.4592,0.3049,0.3478,0.6596,0.366,0.5727,0.0149,0.0208,0.1818,Improving
193,Fudan University,46.2,45.6,34.0,61.0,49.4,37.4,32175,0.12,0.11,2015,0.086,0.4538,0.4087,0.3357,0.6061,0.494,0.3262,0.0176,0.0127,0.1111,Improving
206,Hong Kong Polytechnic University,46.2,33.7,36.5,56.5,42.6,69.9,22064,0.26,0.26,2015,0.0918,0.4538,0.2787,0.361,0.5606,0.426,0.676,0.0121,0.0289,0.2626,Improving
210,Ulm University,46.0,35.0,22.0,73.0,56.7,54.1,9187,0.11,0.1,2015,0.0936,0.4516,0.2929,0.2144,0.7273,0.567,0.5059,0.005,0.0116,0.101,Improving
217,University of Science and Technology of China,45.6,36.9,27.3,73.6,71.6,26.3,14290,0.08,0.02,2015,0.0967,0.4472,0.3137,0.2679,0.7333,0.716,0.2067,0.0078,0.0081,0.0202,Improving
246,University of Technology Sydney,44.0,27.8,32.5,58.7,40.1,86.9,24519,0.44,0.31,2015,0.1097,0.4298,0.2142,0.3205,0.5828,0.401,0.859,0.0134,0.0497,0.3131,Improving
248,University of W�rzburg,43.9,28.6,17.3,81.4,30.0,50.2,26576,0.38,0.08,2015,0.1106,0.4287,0.223,0.1668,0.8121,0.3,0.4639,0.0146,0.0428,0.0808,Improving
251,Aalto University,43.7,31.8,31.3,50.2,64.5,59.4,16099,0.24,0.17,2015,0.112,0.4266,0.2579,0.3084,0.497,0.645,0.563,0.0088,0.0266,0.1717,Improving
253,Medical University of Vienna,43.6,28.6,17.0,71.1,33.7,73.1,7426,0.03,0.28,2015,0.1129,0.4255,0.223,0.1638,0.7081,0.337,0.7104,0.0041,0.0023,0.2828,Improving
254,Nanjing University,43.6,34.6,23.3,59.6,51.7,50.2,29743,0.13,0.1,2015,0.1133,0.4255,0.2885,0.2275,0.5919,0.517,0.4639,0.0163,0.0139,0.101,Improving
258,Queen s University Belfast,43.4,30.1,25.1,52.2,43.7,88.6,17940,0.18,0.3,2015,0.1151,0.4233,0.2393,0.2457,0.5172,0.437,0.8773,0.0098,0.0197,0.303,Improving
285,Queensland University of Technology,42.1,29.9,36.0,42.9,71.9,69.8,33391,0.36,0.17,2015,0.1272,0.4091,0.2372,0.3559,0.4232,0.719,0.6749,0.0183,0.0405,0.1717,Improving
286,Shanghai Jiao Tong University,42.1,37.9,37.9,38.9,88.4,23.9,38191,0.13,0.06,2015,0.1276,0.4091,0.3246,0.3751,0.3828,0.884,0.1808,0.0209,0.0139,0.0606,Improving
291,University of Bologna,41.9,31.0,23.2,64.5,34.9,43.1,85532,0.23,0.07,2015,0.1299,0.407,0.2492,0.2265,0.6414,0.349,0.3875,0.0469,0.0254,0.0707,Improving
301,University of Wollongong,41.4,25.2,27.8,55.1,44.7,80.4,16489,0.25,0.24,2015,0.1343,0.4015,0.1858,0.273,0.5465,0.447,0.789,0.009,0.0277,0.2424,Improving
309,Deakin University,41.1,20.1,20.6,57.5,30.6,71.8,32713,0.3,0.17,2015,0.1379,0.3983,0.1301,0.2002,0.5707,0.306,0.6964,0.0179,0.0335,0.1717,Improving
315,Macquarie University,40.9,24.0,24.8,50.2,36.2,89.2,27930,0.2,0.44,2015,0.1406,0.3961,0.1727,0.2427,0.497,0.362,0.8837,0.0153,0.022,0.4444,Improving
321,Sapienza University of Rome,40.6,32.3,28.1,50.7,34.2,37.5,120986,0.32,0.07,2015,0.1433,0.3928,0.2634,0.276,0.502,0.342,0.3272,0.0663,0.0358,0.0707,Improving
326,University of Bath,40.4,29.2,25.1,47.5,36.7,76.1,12830,0.19,0.3,2015,0.1455,0.3906,0.2295,0.2457,0.4697,0.367,0.7427,0.007,0.0208,0.303,Improving
341,University of Padua,39.8,20.7,18.2,68.0,32.9,40.4,62577,0.18,0.04,2015,0.1523,0.3841,0.1366,0.1759,0.6768,0.329,0.3584,0.0343,0.0197,0.0404,Improving
351,Zhejiang University,39.5,36.0,33.1,40.2,88.6,21.5,47508,0.16,0.05,2015,0.1567,0.3808,0.3038,0.3266,0.396,0.886,0.155,0.026,0.0173,0.0505,Improving
356,Bielefeld University,39.3,27.5,19.1,52.0,37.4,48.6,21428,0.68,0.08,2015,0.159,0.3787,0.2109,0.185,0.5152,0.374,0.4467,0.0117,0.0775,0.0808,Improving
358,Curtin University,39.2,20.1,17.1,45.3,36.1,91.3,30333,0.17,0.38,2015,0.1599,0.3776,0.1301,0.1648,0.4475,0.361,0.9064,0.0166,0.0185,0.3838,Improving
389,University of Navarra,38.2,29.5,22.3,41.7,90.2,46.2,11259,0.11,0.16,2015,0.1738,0.3667,0.2328,0.2174,0.4111,0.902,0.4209,0.0062,0.0116,0.1616,Improving
396,Vrije Universiteit Brussel,38.0,31.2,17.9,48.1,44.8,54.5,9020,0.17,0.16,2015,0.1769,0.3645,0.2514,0.1729,0.4758,0.448,0.5102,0.0049,0.0185,0.1616,Improving
400,Wuhan University,37.8,34.1,17.4,48.5,85.9,33.1,46227,0.14,0.07,2015,0.1787,0.3624,0.2831,0.1678,0.4798,0.859,0.2799,0.0253,0.015,0.0707,Improving
2,University of Oxford,94.2,86.5,98.9,98.8,73.1,94.4,19919,0.12,0.34,2016,0.0004,0.9761,0.8557,0.9919,0.9879,0.731,0.9397,0.0109,0.0127,0.3434,Improving
26,National University of Singapore,79.2,71.7,84.5,79.4,49.8,96.2,31592,0.15,0.34,2016,0.0112,0.8128,0.694,0.8463,0.7919,0.498,0.9591,0.0173,0.0162,0.3434,Improving
27,King s College London,78.2,64.5,75.8,93.8,40.1,93.8,21394,0.11,0.37,2016,0.0116,0.802,0.6153,0.7583,0.9374,0.401,0.9333,0.0117,0.0116,0.3737,Improving
30,New York University,77.2,74.7,72.3,95.3,30.4,49.3,42056,0.07,0.19,2016,0.013,0.7911,0.7268,0.723,0.9525,0.304,0.4543,0.023,0.0069,0.1919,Improving
35,KU Leuven,74.8,59.9,76.9,87.3,100.0,68.6,42503,0.42,0.18,2016,0.0152,0.765,0.565,0.7695,0.8717,1.0,0.662,0.0233,0.0474,0.1818,Improving
42,Peking University,72.0,77.8,72.4,69.1,100.0,49.2,40148,0.08,0.14,2016,0.0184,0.7345,0.7607,0.724,0.6879,1.0,0.4532,0.022,0.0081,0.1414,Improving
47,Tsinghua University,70.0,73.3,83.0,58.8,100.0,39.5,39763,0.14,0.1,2016,0.0206,0.7127,0.7115,0.8311,0.5838,1.0,0.3488,0.0218,0.015,0.101,Improving
53,Technical University of Munich,69.4,61.0,66.0,80.1,99.2,63.8,35565,0.32,0.2,2016,0.0233,0.7062,0.577,0.6593,0.799,0.992,0.6103,0.0195,0.0358,0.202,Improving
58,University of Amsterdam,67.8,52.2,64.7,87.4,62.8,66.5,24570,0.14,0.11,2016,0.0255,0.6888,0.4809,0.6461,0.8727,0.628,0.6394,0.0135,0.015,0.1111,Improving
60,The University of Queensland,67.0,49.2,62.8,82.4,76.7,89.3,34718,0.33,0.27,2016,0.0264,0.6801,0.4481,0.6269,0.8222,0.767,0.8848,0.019,0.037,0.2727,Improving
73,Monash University,62.5,48.1,58.5,73.3,79.7,87.6,50882,0.41,0.36,2016,0.0322,0.6311,0.4361,0.5834,0.7303,0.797,0.8665,0.0279,0.0462,0.3636,Improving
74,University of Groningen,62.4,43.3,56.9,84.0,92.4,63.9,24556,0.26,0.12,2016,0.0327,0.63,0.3836,0.5672,0.8384,0.924,0.6114,0.0135,0.0289,0.1212,Improving
76,University of Glasgow,61.9,41.6,48.3,92.3,31.6,85.8,22616,0.16,0.29,2016,0.0336,0.6246,0.365,0.4803,0.9222,0.316,0.8471,0.0124,0.0173,0.2929,Improving
78,University of T�bingen,61.7,47.0,59.8,79.3,59.2,58.2,28327,0.39,0.12,2016,0.0345,0.6224,0.424,0.5966,0.7909,0.592,0.5501,0.0155,0.0439,0.1212,Improving
80,University of Warwick,61.3,47.4,53.1,78.2,37.7,90.3,18529,0.17,0.37,2016,0.0354,0.6181,0.4284,0.5288,0.7798,0.377,0.8956,0.0102,0.0185,0.3737,Improving
82,University of Copenhagen,61.0,49.8,42.7,86.2,45.0,83.3,27545,0.04,0.19,2016,0.0363,0.6148,0.4546,0.4237,0.8606,0.45,0.8202,0.0151,0.0035,0.1919,Improving
111,RWTH Aachen University,57.2,49.4,56.3,63.2,98.1,54.1,37917,0.28,0.16,2016,0.0493,0.5734,0.4503,0.5612,0.6283,0.981,0.5059,0.0208,0.0312,0.1616,Improving
120,University of Birmingham,56.2,39.4,41.8,82.7,34.7,82.0,25295,0.16,0.23,2016,0.0533,0.5626,0.341,0.4146,0.8253,0.347,0.8062,0.0139,0.0173,0.2323,Improving
121,University of Bern,56.1,40.0,42.5,76.6,82.9,83.7,14708,0.23,0.14,2016,0.0537,0.5615,0.3475,0.4216,0.7636,0.829,0.8245,0.0081,0.0254,0.1414,Improving
136,University of Oslo,55.1,43.3,44.7,75.5,38.3,68.2,27139,0.19,0.18,2016,0.0605,0.5506,0.3836,0.4439,0.7525,0.383,0.6577,0.0149,0.0208,0.1818,Improving
139,Chinese University of Hong Kong,54.5,41.5,48.5,68.4,37.5,81.1,17916,0.1,0.22,2016,0.0618,0.5441,0.3639,0.4823,0.6808,0.375,0.7966,0.0098,0.0104,0.2222,Improving
150,University of Adelaide,52.9,32.8,43.2,72.4,79.3,85.1,20771,0.3,0.26,2016,0.0667,0.5267,0.2689,0.4287,0.7212,0.793,0.8396,0.0114,0.0335,0.2626,Improving
153,Sungkyunkwan University (SKKU),52.8,51.4,53.5,53.8,97.5,36.7,24365,0.2,0.09,2016,0.0681,0.5256,0.4721,0.5329,0.5333,0.975,0.3186,0.0134,0.022,0.0909,Improving
187,University of W�rzburg,49.9,34.6,35.8,79.1,47.9,50.9,26576,0.38,0.08,2016,0.0833,0.494,0.2885,0.3539,0.7889,0.479,0.4715,0.0146,0.0428,0.0808,Improving
192,Ulm University,49.5,35.2,23.9,86.4,58.4,58.2,9187,0.11,0.1,2016,0.0855,0.4897,0.2951,0.2336,0.8626,0.584,0.5501,0.005,0.0116,0.101,Improving
200,Queen s University Belfast,48.8,34.1,33.3,68.9,35.7,93.4,17940,0.18,0.3,2016,0.0891,0.482,0.2831,0.3286,0.6859,0.357,0.929,0.0098,0.0197,0.303,Improving
203,University of Bologna,50.2,39.3,29.5,73.0,34.5,39.9,85532,0.23,0.07,2016,0.0905,0.4973,0.3399,0.2902,0.7273,0.345,0.3531,0.0469,0.0254,0.0707,Improving
214,Fudan University,49.6,44.7,30.4,61.1,28.0,38.6,32175,0.12,0.11,2016,0.0954,0.4908,0.3989,0.2993,0.6071,0.28,0.3391,0.0176,0.0127,0.1111,Improving
218,Hong Kong Polytechnic University,49.3,29.3,35.2,63.3,45.1,79.0,22064,0.26,0.26,2016,0.0972,0.4875,0.2306,0.3478,0.6293,0.451,0.774,0.0121,0.0289,0.2626,Improving
226,Medical University of Vienna,48.9,26.6,14.6,89.1,33.9,81.7,7426,0.03,0.28,2016,0.1008,0.4831,0.2011,0.1395,0.8899,0.339,0.803,0.0041,0.0023,0.2828,Improving
236,Sapienza University of Rome,48.4,38.0,37.3,61.5,32.6,34.7,120986,0.32,0.07,2016,0.1052,0.4777,0.3257,0.3691,0.6111,0.326,0.2971,0.0663,0.0358,0.0707,Improving
237,University of Science and Technology of China,48.3,46.7,36.6,67.2,80.3,21.4,14290,0.08,0.02,2016,0.1057,0.4766,0.4208,0.362,0.6687,0.803,0.1539,0.0078,0.0081,0.0202,Improving
243,University of Technology Sydney,48.0,27.0,35.1,66.9,42.3,90.1,24519,0.44,0.31,2016,0.1084,0.4733,0.2055,0.3468,0.6657,0.423,0.8934,0.0134,0.0497,0.3131,Improving
254,Aalto University,47.5,31.1,32.8,62.1,61.6,65.4,16099,0.24,0.17,2016,0.1133,0.4679,0.2503,0.3236,0.6172,0.616,0.6276,0.0088,0.0266,0.1717,Improving
256,University of Bath,47.4,28.9,27.9,56.7,36.3,84.8,12830,0.19,0.3,2016,0.1142,0.4668,0.2262,0.274,0.5626,0.363,0.8364,0.007,0.0208,0.303,Improving
258,Bielefeld University,47.3,35.2,46.2,49.9,60.9,45.4,21428,0.68,0.08,2016,0.1151,0.4657,0.2951,0.459,0.4939,0.609,0.4123,0.0117,0.0775,0.0808,Improving
272,King Abdulaziz University,46.6,23.9,11.8,76.6,73.1,93.0,35889,0.08,0.21,2016,0.1214,0.4581,0.1716,0.1112,0.7636,0.731,0.9247,0.0197,0.0081,0.2121,Improving
277,Nanjing University,46.4,37.2,32.2,54.2,58.6,50.4,29743,0.13,0.1,2016,0.1236,0.4559,0.3169,0.3175,0.5374,0.586,0.4661,0.0163,0.0139,0.101,Improving
285,Queensland University of Technology,46.0,28.8,35.6,56.0,73.7,76.0,33391,0.36,0.17,2016,0.1272,0.4516,0.2251,0.3519,0.5556,0.737,0.7417,0.0183,0.0405,0.1717,Improving
292,University of Surrey,45.7,31.7,28.9,51.2,34.9,90.4,12063,0.17,0.38,2016,0.1303,0.4483,0.2568,0.2841,0.5071,0.349,0.8967,0.0066,0.0185,0.3838,Improving
301,University of Wollongong,45.4,25.8,28.4,59.3,57.9,86.8,16489,0.25,0.24,2016,0.1343,0.445,0.1923,0.2791,0.5889,0.579,0.8579,0.009,0.0277,0.2424,Improving
302,Zhejiang University,45.3,44.3,46.0,36.1,96.2,19.6,47508,0.16,0.05,2016,0.1348,0.444,0.3945,0.457,0.3545,0.962,0.1346,0.026,0.0173,0.0505,Improving
310,Deakin University,45.0,22.4,21.9,66.8,30.0,76.9,32713,0.3,0.17,2016,0.1384,0.4407,0.1552,0.2133,0.6646,0.3,0.7513,0.0179,0.0335,0.1717,Improving
320,Macquarie University,44.6,28.5,27.2,52.3,33.1,90.0,27930,0.2,0.44,2016,0.1429,0.4363,0.2219,0.2669,0.5182,0.331,0.8924,0.0153,0.022,0.4444,Improving
330,University of Navarra,44.2,31.9,20.8,57.5,63.5,52.6,11259,0.11,0.16,2016,0.1473,0.432,0.259,0.2022,0.5707,0.635,0.4898,0.0062,0.0116,0.1616,Improving
334,University of Padua,44.1,25.7,22.6,74.6,32.6,37.9,62577,0.18,0.04,2016,0.1491,0.4309,0.1913,0.2204,0.7434,0.326,0.3315,0.0343,0.0197,0.0404,Improving
337,Shanghai Jiao Tong University,44.0,37.8,45.2,34.0,92.9,27.5,38191,0.13,0.06,2016,0.1505,0.4298,0.3235,0.4489,0.3333,0.929,0.2196,0.0209,0.0139,0.0606,Improving
347,Vrije Universiteit Brussel,43.6,28.7,24.5,56.8,77.1,64.5,9020,0.17,0.16,2016,0.1549,0.4255,0.224,0.2396,0.5636,0.771,0.6179,0.0049,0.0185,0.1616,Improving
391,University of Tartu,42.1,23.8,22.8,64.2,31.5,46.1,10269,0.13,0.03,2016,0.1747,0.4091,0.1705,0.2224,0.6384,0.315,0.4198,0.0056,0.0139,0.0303,Improving
422,Curtin University,41.2,20.1,20.2,44.6,37.8,93.1,30333,0.17,0.38,2016,0.1885,0.3993,0.1301,0.1962,0.4404,0.378,0.9257,0.0166,0.0185,0.3838,Improving
499,Wuhan University,39.1,38.2,26.8,18.0,97.8,36.7,46227,0.14,0.07,2016,0.223,0.3765,0.3279,0.2629,0.1717,0.978,0.3186,0.0253,0.015,0.0707,Improving
1,University of Oxford,95.0,89.6,99.1,99.2,62.5,94.5,19720,0.11,0.35,2017,0.0,0.9848,0.8896,0.9939,0.9919,0.625,0.9408,0.0108,0.0116,0.3535,Improving
24,National University of Singapore,81.7,76.7,86.9,79.7,61.3,96.0,31111,0.17,0.32,2017,0.0103,0.84,0.7486,0.8706,0.7949,0.613,0.9569,0.0171,0.0185,0.3232,Improving
29,Peking University,77.2,84.6,80.3,71.6,100.0,50.3,42977,0.09,0.15,2017,0.0125,0.7911,0.835,0.8038,0.7131,1.0,0.465,0.0236,0.0092,0.1515,Improving
32,New York University,76.7,75.1,68.8,95.3,33.6,54.3,43021,0.07,0.25,2017,0.0139,0.7856,0.7311,0.6876,0.9525,0.336,0.5081,0.0236,0.0069,0.2525,Improving
35,Tsinghua University,76.2,78.9,89.6,67.4,99.7,39.4,41537,0.14,0.1,2017,0.0152,0.7802,0.7727,0.8979,0.6707,0.997,0.3477,0.0228,0.015,0.101,Improving
38,King s College London,75.9,61.5,71.0,93.5,42.5,93.8,21985,0.11,0.38,2017,0.0166,0.7769,0.5825,0.7098,0.9343,0.425,0.9333,0.012,0.0116,0.3838,Improving
40,KU Leuven,73.8,57.0,73.7,90.1,99.8,67.4,46381,0.42,0.16,2017,0.0175,0.7541,0.5333,0.7371,0.9,0.998,0.6491,0.0254,0.0474,0.1616,Improving
46,Technical University of Munich,71.6,61.0,70.5,82.0,100.0,66.6,36929,0.52,0.22,2017,0.0202,0.7301,0.577,0.7048,0.8182,1.0,0.6405,0.0202,0.059,0.2222,Improving
60,The University of Queensland,67.2,49.7,60.1,86.1,70.6,88.6,38892,0.35,0.25,2017,0.0264,0.6823,0.4536,0.5996,0.8596,0.706,0.8773,0.0213,0.0393,0.2525,Improving
63,University of Amsterdam,67.1,49.4,62.0,90.3,54.6,69.3,25344,0.14,0.1,2017,0.0278,0.6812,0.4503,0.6188,0.902,0.546,0.6695,0.0139,0.015,0.101,Improving
74,Monash University,64.0,49.5,57.4,78.5,76.0,87.1,44217,0.34,0.25,2017,0.0327,0.6474,0.4514,0.5723,0.7828,0.76,0.8611,0.0242,0.0382,0.2525,Improving
76,Chinese University of Hong Kong,63.6,52.2,60.4,74.6,44.7,84.0,18433,0.1,0.27,2017,0.0336,0.6431,0.4809,0.6026,0.7434,0.447,0.8278,0.0101,0.0104,0.2727,Improving
79,RWTH Aachen University,63.0,53.3,63.7,71.3,99.4,53.4,42298,0.55,0.17,2017,0.0349,0.6366,0.4929,0.636,0.7101,0.994,0.4984,0.0232,0.0624,0.1717,Improving
80,University of Groningen,62.2,41.9,55.1,87.1,79.9,66.4,25281,0.24,0.13,2017,0.0354,0.6279,0.3683,0.549,0.8697,0.799,0.6383,0.0139,0.0266,0.1313,Improving
85,University of Warwick,62.0,46.8,52.6,80.9,40.8,91.4,18560,0.15,0.38,2017,0.0376,0.6257,0.4219,0.5238,0.8071,0.408,0.9074,0.0102,0.0162,0.3838,Improving
88,University of Glasgow,61.4,40.6,47.8,90.6,39.4,88.6,22855,0.15,0.32,2017,0.039,0.6192,0.3541,0.4752,0.9051,0.394,0.8773,0.0125,0.0162,0.3232,Improving
90,University of T�bingen,61.3,46.0,56.2,82.9,56.3,57.8,28074,0.37,0.11,2017,0.0399,0.6181,0.4131,0.5602,0.8273,0.563,0.5457,0.0154,0.0416,0.1111,Improving
110,University of Bern,58.9,43.2,43.0,82.8,75.5,83.8,14651,0.23,0.14,2017,0.0488,0.5919,0.3825,0.4267,0.8263,0.755,0.8256,0.008,0.0254,0.1414,Improving
120,University of Copenhagen,58.2,46.8,33.1,89.8,44.2,82.3,29796,0.04,0.17,2017,0.0533,0.5843,0.4219,0.3266,0.897,0.442,0.8095,0.0163,0.0035,0.1717,Improving
130,University of Birmingham,57.6,38.6,42.4,86.8,38.0,84.2,26360,0.17,0.25,2017,0.0578,0.5778,0.3322,0.4206,0.8667,0.38,0.8299,0.0144,0.0185,0.2525,Improving
133,University of Oslo,56.9,39.7,43.1,85.5,42.9,71.2,27215,0.19,0.18,2017,0.0591,0.5702,0.3443,0.4277,0.8535,0.429,0.69,0.0149,0.0208,0.1818,Improving
137,Ulm University,56.5,38.2,38.1,91.0,84.0,56.9,10370,0.27,0.12,2017,0.0609,0.5658,0.3279,0.3771,0.9091,0.84,0.5361,0.0057,0.0301,0.1212,Improving
141,Sungkyunkwan University (SKKU),56.4,53.7,50.6,66.5,88.9,39.6,24791,0.19,0.1,2017,0.0627,0.5647,0.4973,0.5035,0.6616,0.889,0.3498,0.0136,0.0208,0.101,Improving
143,University of Adelaide,56.1,37.1,43.9,78.8,67.5,86.3,20462,0.3,0.27,2017,0.0636,0.5615,0.3158,0.4358,0.7859,0.675,0.8525,0.0112,0.0335,0.2727,Improving
154,University of Science and Technology of China,54.7,51.8,43.4,74.7,77.6,24.2,14827,0.08,0.03,2017,0.0685,0.5462,0.4765,0.4307,0.7444,0.776,0.1841,0.0081,0.0081,0.0303,Improving
156,Fudan University,54.6,55.3,47.0,65.7,53.2,37.5,32449,0.12,0.11,2017,0.0694,0.5452,0.5148,0.4671,0.6535,0.532,0.3272,0.0178,0.0127,0.1111,Improving
188,University of W�rzburg,51.6,34.8,37.0,83.4,48.1,51.2,22297,0.34,0.08,2017,0.0837,0.5125,0.2907,0.366,0.8323,0.481,0.4747,0.0122,0.0382,0.0808,Improving
192,Hong Kong Polytechnic University,51.2,35.0,41.8,69.9,47.9,79.7,21907,0.26,0.25,2017,0.0855,0.5082,0.2929,0.4146,0.696,0.479,0.7815,0.012,0.0289,0.2525,Improving
202,Aalto University,50.3,34.4,29.0,75.0,52.5,69.6,12653,0.2,0.2,2017,0.09,0.4984,0.2863,0.2851,0.7475,0.525,0.6728,0.0069,0.022,0.202,Improving
207,University of Bologna,49.8,35.6,27.5,81.7,37.4,42.8,84486,0.22,0.07,2017,0.0923,0.4929,0.2995,0.27,0.8152,0.374,0.3843,0.0463,0.0243,0.0707,Improving
222,King Abdulaziz University,48.3,26.4,12.4,93.3,66.0,92.1,37178,0.08,0.21,2017,0.099,0.4766,0.1989,0.1173,0.9323,0.66,0.915,0.0204,0.0081,0.2121,Improving
225,Nanjing University,48.0,41.7,36.9,61.5,73.9,51.4,34784,0.16,0.09,2017,0.1003,0.4733,0.3661,0.365,0.6111,0.739,0.4769,0.0191,0.0173,0.0909,Improving
234,Queensland University of Technology,47.1,28.4,37.9,67.4,58.9,77.9,34398,0.36,0.17,2017,0.1043,0.4635,0.2208,0.3751,0.6707,0.589,0.7621,0.0189,0.0405,0.1717,Improving
236,Queen s University Belfast,46.9,31.2,31.9,78.3,37.1,94.3,17350,0.16,0.32,2017,0.1052,0.4614,0.2514,0.3145,0.7808,0.371,0.9386,0.0095,0.0173,0.3232,Improving
238,Shanghai Jiao Tong University,46.7,51.9,56.5,41.5,90.5,29.3,36535,0.12,0.06,2017,0.1061,0.4592,0.4776,0.5632,0.4091,0.905,0.239,0.02,0.0127,0.0606,Improving
244,University of Technology Sydney,46.1,27.1,40.0,73.8,44.2,92.3,25069,0.44,0.35,2017,0.1088,0.4527,0.2066,0.3964,0.7354,0.442,0.9171,0.0137,0.0497,0.3535,Improving
253,Zhejiang University,45.2,51.7,54.2,44.5,89.2,22.0,47845,0.15,0.05,2017,0.1129,0.4429,0.4754,0.5399,0.4394,0.892,0.1604,0.0262,0.0162,0.0505,Improving
255,University of Bath,45.0,31.8,31.0,65.1,37.2,85.5,11765,0.17,0.3,2017,0.1137,0.4407,0.2579,0.3054,0.6475,0.372,0.8439,0.0064,0.0185,0.303,Improving
257,Bielefeld University,44.8,37.6,43.7,55.6,59.3,46.2,22279,0.7,0.08,2017,0.1146,0.4385,0.3213,0.4338,0.5515,0.593,0.4209,0.0122,0.0798,0.0808,Improving
264,Deakin University,44.1,23.0,24.5,75.5,34.1,76.8,34968,0.31,0.17,2017,0.1178,0.4309,0.1617,0.2396,0.7525,0.341,0.7503,0.0192,0.0347,0.1717,Improving
273,Macquarie University,43.2,32.5,36.5,62.3,41.3,75.0,27532,0.33,0.24,2017,0.1218,0.4211,0.2656,0.361,0.6192,0.413,0.7309,0.0151,0.037,0.2424,Improving
284,Sapienza University of Rome,42.1,38.3,35.3,67.2,41.0,37.6,115327,0.32,0.07,2017,0.1267,0.4091,0.329,0.3488,0.6687,0.41,0.3283,0.0632,0.0358,0.0707,Improving
287,University of Surrey,41.8,30.0,32.6,60.9,37.6,91.8,10375,0.13,0.38,2017,0.1281,0.4059,0.2383,0.3215,0.6051,0.376,0.9117,0.0057,0.0139,0.3838,Improving
298,University of Wollongong,40.7,28.3,32.1,64.1,49.2,87.0,16581,0.26,0.24,2017,0.133,0.3939,0.2197,0.3165,0.6374,0.492,0.8601,0.0091,0.0289,0.2424,Improving
329,University of Navarra,37.6,29.7,23.9,65.3,55.6,55.6,10584,0.14,0.16,2017,0.1469,0.3602,0.235,0.2336,0.6495,0.556,0.5221,0.0058,0.015,0.1616,Improving
333,University of Padua,37.2,24.5,20.4,80.6,35.5,39.0,62267,0.19,0.04,2017,0.1487,0.3558,0.1781,0.1982,0.804,0.355,0.3434,0.0341,0.0208,0.0404,Improving
341,University of Tartu,36.4,23.6,23.1,80.9,34.5,48.4,9464,0.12,0.04,2017,0.1523,0.3471,0.1683,0.2255,0.8071,0.345,0.4446,0.0052,0.0127,0.0404,Improving
348,Vrije Universiteit Brussel,35.7,27.3,23.7,66.7,48.3,70.0,12484,0.22,0.21,2017,0.1554,0.3395,0.2087,0.2315,0.6636,0.483,0.6771,0.0068,0.0243,0.2121,Improving
416,Curtin University,28.9,21.0,23.5,52.1,39.5,93.8,31353,0.18,0.36,2017,0.1858,0.2655,0.1399,0.2295,0.5162,0.395,0.9333,0.0172,0.0197,0.3636,Improving
491,Wuhan University,21.4,40.9,30.2,29.2,91.1,37.5,49152,0.14,0.07,2017,0.2194,0.1839,0.3574,0.2973,0.2848,0.911,0.3272,0.0269,0.015,0.0707,Improving
1,University of Oxford,94.3,86.7,99.5,99.1,63.7,95.0,20410,0.11,0.38,2018,0.0,0.9771,0.8579,0.998,0.9909,0.637,0.9462,0.0112,0.0116,0.3838,Improving
22,National University of Singapore,82.8,77.4,88.2,81.3,61.9,95.8,30602,0.17,0.3,2018,0.0094,0.852,0.7563,0.8837,0.8111,0.619,0.9548,0.0168,0.0185,0.303,Improving
28,New York University,79.2,73.7,77.4,96.5,37.0,53.4,43860,0.1,0.26,2018,0.0121,0.8128,0.7158,0.7745,0.9646,0.37,0.4984,0.024,0.0104,0.2626,Improving
29,Peking University,79.2,83.0,85.1,74.2,100.0,53.0,42136,0.09,0.16,2018,0.0125,0.8128,0.8175,0.8524,0.7394,1.0,0.4941,0.0231,0.0092,0.1616,Improving
30,Tsinghua University,79.0,80.2,93.2,71.4,99.8,41.0,42089,0.14,0.09,2018,0.013,0.8107,0.7869,0.9343,0.7111,0.998,0.3649,0.0231,0.015,0.0909,Improving
36,King s College London,75.6,59.3,71.2,94.4,43.9,94.5,23205,0.12,0.41,2018,0.0157,0.7737,0.5585,0.7118,0.9434,0.439,0.9408,0.0127,0.0127,0.4141,Improving
41,Technical University of Munich,73.5,60.3,71.2,88.4,100.0,66.8,38689,0.54,0.23,2018,0.0179,0.7508,0.5694,0.7118,0.8828,1.0,0.6426,0.0212,0.0613,0.2323,Improving
47,KU Leuven,71.8,54.2,70.9,88.7,99.9,68.3,44412,0.37,0.15,2018,0.0206,0.7323,0.5027,0.7088,0.8859,0.999,0.6588,0.0243,0.0416,0.1515,Improving
58,Chinese University of Hong Kong,68.5,57.0,64.4,80.6,56.8,86.6,18072,0.17,0.31,2018,0.0255,0.6964,0.5333,0.6431,0.804,0.568,0.8558,0.0099,0.0185,0.3131,Improving
59,University of Amsterdam,68.4,51.3,62.6,91.9,49.9,72.2,23495,0.12,0.12,2018,0.026,0.6953,0.471,0.6249,0.9182,0.499,0.7008,0.0129,0.0127,0.1212,Improving
65,The University of Queensland,67.0,47.6,59.4,87.8,76.2,88.8,38968,0.36,0.26,2018,0.0287,0.6801,0.4306,0.5925,0.8768,0.762,0.8794,0.0214,0.0405,0.2626,Improving
79,RWTH Aachen University,63.3,53.4,62.4,72.8,99.7,56.4,43721,0.58,0.18,2018,0.0349,0.6398,0.494,0.6229,0.7253,0.997,0.5307,0.024,0.0659,0.1818,Improving
80,University of Glasgow,63.2,43.4,48.9,92.6,38.6,90.4,23390,0.15,0.36,2018,0.0354,0.6387,0.3847,0.4863,0.9253,0.386,0.8967,0.0128,0.0162,0.3636,Improving
81,Monash University,63.2,47.4,55.4,80.9,71.5,83.8,46846,0.34,0.28,2018,0.0358,0.6387,0.4284,0.5521,0.8071,0.715,0.8256,0.0257,0.0382,0.2828,Improving
83,University of Groningen,62.8,40.7,54.8,89.0,77.2,74.4,26197,0.24,0.17,2018,0.0367,0.6344,0.3552,0.546,0.8889,0.772,0.7244,0.0144,0.0266,0.1717,Improving
91,University of Warwick,61.6,46.6,52.0,80.4,41.0,91.9,18425,0.13,0.39,2018,0.0403,0.6213,0.4197,0.5177,0.802,0.41,0.9128,0.0101,0.0139,0.3939,Improving
94,University of T�bingen,61.2,45.7,55.4,83.0,55.4,60.8,27844,0.39,0.13,2018,0.0416,0.617,0.4098,0.5521,0.8283,0.554,0.578,0.0153,0.0439,0.1313,Improving
105,University of Bern,60.0,42.7,43.6,85.4,81.0,85.7,10449,0.17,0.15,2018,0.0466,0.6039,0.377,0.4328,0.8525,0.81,0.8461,0.0057,0.0185,0.1515,Improving
110,University of Copenhagen,59.4,44.0,39.7,90.6,44.6,79.3,30395,0.04,0.14,2018,0.0488,0.5974,0.3913,0.3933,0.9051,0.446,0.7772,0.0167,0.0035,0.1414,Improving
111,Sungkyunkwan University (SKKU),59.3,54.1,55.1,69.5,93.7,44.7,24055,0.2,0.12,2018,0.0493,0.5963,0.5016,0.549,0.6919,0.937,0.4047,0.0132,0.022,0.1212,Improving
116,Fudan University,58.9,59.5,57.5,65.1,53.0,38.7,32859,0.12,0.1,2018,0.0515,0.5919,0.5607,0.5733,0.6475,0.53,0.3402,0.018,0.0127,0.101,Improving
132,University of Science and Technology of China,57.7,52.7,49.1,76.9,81.7,27.9,16032,0.08,0.03,2018,0.0587,0.5789,0.4863,0.4884,0.7667,0.817,0.2239,0.0088,0.0081,0.0303,Improving
134,University of Adelaide,57.5,35.9,43.1,85.3,67.3,86.6,21241,0.34,0.26,2018,0.0596,0.5767,0.3027,0.4277,0.8515,0.673,0.8558,0.0116,0.0382,0.2626,Improving
141,University of Birmingham,56.8,36.5,38.3,89.7,37.2,86.3,27060,0.15,0.27,2018,0.0627,0.5691,0.3093,0.3792,0.896,0.372,0.8525,0.0148,0.0162,0.2727,Improving
146,University of Oslo,56.3,36.0,42.8,86.8,41.9,73.4,27730,0.19,0.19,2018,0.0649,0.5637,0.3038,0.4247,0.8667,0.419,0.7137,0.0152,0.0208,0.1919,Improving
157,Ulm University,55.5,37.1,37.4,90.0,77.3,56.5,10657,0.28,0.13,2018,0.0699,0.555,0.3158,0.3701,0.899,0.773,0.5318,0.0058,0.0312,0.1313,Improving
167,University of W�rzburg,54.7,35.8,42.8,86.5,46.1,53.7,22537,0.34,0.09,2018,0.0743,0.5462,0.3016,0.4247,0.8636,0.461,0.5016,0.0124,0.0382,0.0909,Improving
169,Nanjing University,54.5,49.6,47.0,64.9,77.8,54.4,33456,0.14,0.1,2018,0.0752,0.5441,0.4525,0.4671,0.6455,0.778,0.5091,0.0183,0.015,0.101,Improving
178,Zhejiang University,53.9,57.0,63.7,45.1,89.4,25.2,50051,0.14,0.06,2018,0.0793,0.5375,0.5333,0.636,0.4455,0.894,0.1948,0.0274,0.015,0.0606,Improving
183,Hong Kong Polytechnic University,53.6,39.1,48.1,67.7,45.8,79.9,21773,0.27,0.25,2018,0.0815,0.5343,0.3377,0.4783,0.6737,0.458,0.7836,0.0119,0.0301,0.2525,Improving
189,Shanghai Jiao Tong University,52.8,53.5,62.5,44.1,88.9,33.4,37288,0.12,0.06,2018,0.0842,0.5256,0.4951,0.6239,0.4354,0.889,0.2831,0.0204,0.0127,0.0606,Improving
190,Aalto University,52.7,37.8,35.8,79.5,52.5,72.5,12744,0.2,0.2,2018,0.0846,0.5245,0.3235,0.3539,0.7929,0.525,0.704,0.007,0.022,0.202,Improving
204,University of Bologna,51.2,43.6,30.1,80.0,39.1,47.4,62296,0.22,0.1,2018,0.0909,0.5082,0.3869,0.2963,0.798,0.391,0.4338,0.0341,0.0243,0.101,Improving
222,King Abdulaziz University,49.4,25.6,15.3,97.3,77.8,92.0,31554,0.08,0.21,2018,0.099,0.4886,0.1902,0.1466,0.9727,0.778,0.9139,0.0173,0.0081,0.2121,Improving
232,Queen s University Belfast,48.4,28.3,32.3,83.1,35.7,94.6,17945,0.17,0.32,2018,0.1034,0.4777,0.2197,0.3185,0.8293,0.357,0.9419,0.0098,0.0185,0.3232,Improving
233,Queensland University of Technology,48.3,30.7,40.3,73.0,63.2,79.1,35211,0.37,0.17,2018,0.1039,0.4766,0.2459,0.3994,0.7273,0.632,0.775,0.0193,0.0416,0.1717,Improving
242,University of Technology Sydney,47.4,29.7,40.5,71.7,51.0,94.2,25256,0.44,0.37,2018,0.1079,0.4668,0.235,0.4014,0.7141,0.51,0.9376,0.0138,0.0497,0.3737,Improving
254,University of Bath,46.2,33.9,31.7,67.3,36.0,88.3,12515,0.16,0.32,2018,0.1133,0.4538,0.2809,0.3124,0.6697,0.36,0.8741,0.0069,0.0173,0.3232,Improving
256,Bielefeld University,46.0,36.9,42.0,58.6,54.5,46.3,23683,0.67,0.08,2018,0.1142,0.4516,0.3137,0.4166,0.5818,0.545,0.422,0.013,0.0763,0.0808,Improving
273,Macquarie University,44.3,31.3,34.4,70.0,41.0,77.0,27955,0.31,0.22,2018,0.1218,0.4331,0.2525,0.3397,0.697,0.41,0.7524,0.0153,0.0347,0.2222,Improving
275,Medical University of Vienna,44.1,31.2,13.5,90.2,36.6,84.1,7209,0.03,0.28,2018,0.1227,0.4309,0.2514,0.1284,0.901,0.366,0.8288,0.0039,0.0023,0.2828,Improving
288,University of Surrey,42.8,30.3,33.1,64.5,46.3,92.7,11025,0.14,0.38,2018,0.1285,0.4168,0.2415,0.3266,0.6414,0.463,0.9214,0.006,0.015,0.3838,Improving
298,University of Wollongong,41.8,29.4,33.2,67.1,47.7,88.1,16947,0.27,0.24,2018,0.133,0.4059,0.2317,0.3276,0.6677,0.477,0.8719,0.0093,0.0301,0.2424,Improving
310,Deakin University,40.6,23.3,26.6,72.0,36.2,77.7,36768,0.33,0.17,2018,0.1384,0.3928,0.165,0.2609,0.7172,0.362,0.76,0.0202,0.037,0.1717,Improving
329,University of Navarra,38.7,27.9,24.5,74.6,63.9,59.7,10827,0.15,0.19,2018,0.1469,0.3721,0.2153,0.2396,0.7434,0.639,0.5662,0.0059,0.0162,0.1919,Improving
335,Sapienza University of Rome,38.1,38.4,34.7,64.1,41.2,38.9,111453,0.32,0.07,2018,0.1496,0.3656,0.3301,0.3428,0.6374,0.412,0.3423,0.0611,0.0358,0.0707,Improving
337,University of Tartu,37.9,24.5,25.3,83.6,33.5,50.4,8835,0.12,0.05,2018,0.1505,0.3634,0.1781,0.2477,0.8343,0.335,0.4661,0.0048,0.0127,0.0505,Improving
346,Vrije Universiteit Brussel,37.0,30.6,25.6,68.7,51.7,71.6,12785,0.22,0.21,2018,0.1545,0.3536,0.2448,0.2508,0.6838,0.517,0.6943,0.007,0.0243,0.2121,Improving
359,Curtin University,36.9,22.6,23.7,60.6,39.5,94.4,31483,0.18,0.37,2018,0.1603,0.3526,0.1574,0.2315,0.602,0.395,0.9397,0.0173,0.0197,0.3737,Improving
379,University of Padua,36.9,27.4,17.1,81.9,35.8,41.0,62218,0.31,0.04,2018,0.1693,0.3526,0.2098,0.1648,0.8172,0.358,0.3649,0.0341,0.0347,0.0404,Improving
493,Wuhan University,27.4,44.9,33.7,37.5,89.9,37.7,50178,0.14,0.07,2018,0.2203,0.2492,0.4011,0.3327,0.3687,0.899,0.3294,0.0275,0.015,0.0707,Improving
1,University of Oxford,96.0,91.8,99.5,99.1,67.0,96.3,20300,0.11,0.4,2019,0.0,0.9956,0.9137,0.998,0.9909,0.67,0.9602,0.0111,0.0116,0.404,Improving
22,Tsinghua University,82.9,87.7,94.1,74.8,99.8,45.8,36912,0.12,0.11,2019,0.0094,0.8531,0.8689,0.9434,0.7455,0.998,0.4166,0.0202,0.0127,0.1111,Improving
23,National University of Singapore,82.4,77.3,88.8,78.9,67.6,95.5,30727,0.17,0.28,2019,0.0099,0.8477,0.7552,0.8898,0.7869,0.676,0.9516,0.0168,0.0185,0.2828,Improving
27,New York University,81.0,77.7,76.1,96.6,38.9,65.0,44433,0.09,0.32,2019,0.0116,0.8324,0.7596,0.7614,0.9657,0.389,0.6233,0.0244,0.0092,0.3232,Improving
31,Peking University,79.3,88.8,80.4,76.7,48.3,57.5,42547,0.09,0.17,2019,0.0134,0.8139,0.8809,0.8049,0.7646,0.483,0.5425,0.0233,0.0092,0.1717,Improving
38,King s College London,75.8,61.1,68.7,95.2,45.9,95.3,24295,0.12,0.42,2019,0.0166,0.7758,0.5781,0.6866,0.9515,0.459,0.9494,0.0133,0.0127,0.4242,Improving
46,Technical University of Munich,73.7,62.9,68.6,88.3,100.0,70.5,39726,0.51,0.24,2019,0.0202,0.753,0.5978,0.6855,0.8818,1.0,0.6825,0.0218,0.0578,0.2424,Improving
48,KU Leuven,72.6,56.9,70.4,88.9,99.9,70.1,44719,0.36,0.15,2019,0.021,0.741,0.5322,0.7037,0.8879,0.999,0.6781,0.0245,0.0405,0.1515,Improving
54,Chinese University of Hong Kong,71.4,59.3,64.9,84.5,54.1,98.6,17883,0.18,0.33,2019,0.0237,0.728,0.5585,0.6481,0.8434,0.541,0.9849,0.0098,0.0197,0.3333,Improving
62,University of Amsterdam,67.9,50.1,61.9,92.3,42.9,74.0,23778,0.12,0.12,2019,0.0273,0.6899,0.4579,0.6178,0.9222,0.429,0.7201,0.013,0.0127,0.1212,Improving
69,The University of Queensland,66.0,47.3,57.4,86.5,70.3,91.7,38187,0.34,0.31,2019,0.0305,0.6692,0.4273,0.5723,0.8636,0.703,0.9107,0.0209,0.0382,0.3131,Improving
79,University of Groningen,64.1,42.5,54.4,90.7,79.7,77.5,26183,0.24,0.18,2019,0.0349,0.6485,0.3749,0.542,0.9061,0.797,0.7578,0.0143,0.0266,0.1818,Improving
80,University of Warwick,64.1,48.0,51.8,87.0,41.5,93.3,19650,0.13,0.41,2019,0.0354,0.6485,0.435,0.5157,0.8687,0.415,0.9279,0.0108,0.0139,0.4141,Improving
83,Sungkyunkwan University (SKKU),63.7,58.4,59.1,74.8,96.9,48.8,23359,0.2,0.14,2019,0.0367,0.6442,0.5486,0.5895,0.7455,0.969,0.4489,0.0128,0.022,0.1414,Improving
85,Monash University,63.6,46.1,53.7,83.8,74.1,88.7,49728,0.35,0.35,2019,0.0376,0.6431,0.4142,0.5349,0.8364,0.741,0.8784,0.0273,0.0393,0.3535,Improving
87,RWTH Aachen University,63.3,56.7,60.7,71.3,98.8,56.2,44517,0.62,0.19,2019,0.0385,0.6398,0.5301,0.6057,0.7101,0.988,0.5285,0.0244,0.0705,0.1919,Improving
89,University of T�bingen,63.2,50.0,54.4,84.9,67.0,62.6,28743,0.39,0.14,2019,0.0394,0.6387,0.4568,0.542,0.8475,0.67,0.5974,0.0158,0.0439,0.1414,Improving
93,University of Science and Technology of China,62.9,62.3,54.7,77.1,89.2,32.2,16152,0.08,0.04,2019,0.0412,0.6355,0.5913,0.545,0.7687,0.892,0.2702,0.0089,0.0081,0.0404,Improving
94,University of Glasgow,62.8,41.2,48.3,93.6,40.1,92.3,24235,0.15,0.36,2019,0.0416,0.6344,0.3607,0.4803,0.9354,0.401,0.9171,0.0133,0.0162,0.3636,Improving
101,Zhejiang University,62.2,69.4,68.4,47.9,100.0,53.3,36031,0.11,0.18,2019,0.0448,0.6279,0.6689,0.6835,0.4737,1.0,0.4973,0.0197,0.0116,0.1818,Improving
105,Fudan University,61.4,63.7,57.2,68.9,50.2,42.2,34393,0.12,0.11,2019,0.0466,0.6192,0.6066,0.5703,0.6859,0.502,0.3778,0.0188,0.0127,0.1111,Improving
110,University of Bern,60.3,45.1,41.7,85.5,83.1,86.5,10967,0.17,0.15,2019,0.0488,0.6072,0.4033,0.4135,0.8535,0.831,0.8547,0.006,0.0185,0.1515,Improving
116,University of Birmingham,59.7,38.9,43.3,91.5,39.8,88.5,28355,0.15,0.28,2019,0.0515,0.6007,0.3355,0.4297,0.9141,0.398,0.8762,0.0155,0.0162,0.2828,Improving
117,University of Copenhagen,59.7,44.2,39.4,90.8,45.8,83.2,32157,0.04,0.16,2019,0.0519,0.6007,0.3934,0.3903,0.9071,0.458,0.8192,0.0176,0.0035,0.1616,Improving
121,University of Oslo,59.1,39.8,44.2,91.2,41.8,73.3,20552,0.13,0.17,2019,0.0537,0.5941,0.3454,0.4388,0.9111,0.418,0.7126,0.0113,0.0139,0.1717,Improving
134,Nanjing University,58.4,54.4,47.5,71.7,84.0,56.1,34580,0.16,0.09,2019,0.0596,0.5865,0.5049,0.4722,0.7141,0.84,0.5274,0.019,0.0173,0.0909,Improving
136,University of Adelaide,58.3,32.8,41.2,92.5,61.6,90.9,21339,0.3,0.27,2019,0.0605,0.5854,0.2689,0.4085,0.9242,0.616,0.902,0.0117,0.0335,0.2727,Improving
150,Ulm University,57.2,40.6,36.7,92.6,75.8,57.6,10719,0.28,0.13,2019,0.0667,0.5734,0.3541,0.363,0.9253,0.758,0.5436,0.0059,0.0312,0.1313,Improving
160,Hong Kong Polytechnic University,56.2,42.4,49.0,68.3,43.4,95.7,21977,0.28,0.25,2019,0.0712,0.5626,0.3738,0.4874,0.6798,0.434,0.9537,0.012,0.0312,0.2525,Improving
161,University of W�rzburg,56.2,38.1,42.6,87.3,59.8,57.9,22264,0.3,0.1,2019,0.0717,0.5626,0.3268,0.4226,0.8717,0.598,0.5468,0.0122,0.0335,0.101,Improving
180,University of Bologna,54.7,51.2,32.6,82.7,43.9,49.2,66998,0.24,0.11,2019,0.0802,0.5462,0.4699,0.3215,0.8253,0.439,0.4532,0.0367,0.0266,0.1111,Improving
181,Aalto University,54.5,40.5,37.7,79.6,49.6,78.4,12421,0.19,0.23,2019,0.0806,0.5441,0.353,0.3731,0.7939,0.496,0.7675,0.0068,0.0208,0.2323,Improving
190,Shanghai Jiao Tong University,54.1,60.2,54.8,46.2,78.5,49.9,40711,0.11,0.09,2019,0.0846,0.5397,0.5683,0.546,0.4566,0.785,0.4607,0.0223,0.0116,0.0909,Improving
196,University of Technology Sydney,53.6,32.2,41.8,76.4,52.2,95.4,25637,0.43,0.36,2019,0.0873,0.5343,0.2623,0.4146,0.7616,0.522,0.9505,0.014,0.0486,0.3636,Improving
203,University of Bath,52.7,32.0,31.7,77.8,38.2,89.8,13200,0.17,0.33,2019,0.0905,0.5245,0.2601,0.3124,0.7758,0.382,0.8902,0.0072,0.0185,0.3333,Improving
204,Bielefeld University,52.6,35.4,40.0,79.3,53.4,46.4,24255,0.64,0.08,2019,0.0909,0.5234,0.2973,0.3964,0.7909,0.534,0.423,0.0133,0.0728,0.0808,Improving
221,King Abdulaziz University,50.9,27.8,16.3,99.0,77.2,92.9,33111,0.08,0.21,2019,0.0985,0.5049,0.2142,0.1567,0.9899,0.772,0.9236,0.0181,0.0081,0.2121,Improving
224,Macquarie University,50.6,33.4,37.3,71.3,46.2,81.6,28729,0.44,0.26,2019,0.0999,0.5016,0.2754,0.3691,0.7101,0.462,0.8019,0.0157,0.0497,0.2626,Improving
227,Medical University of Vienna,50.3,32.1,21.9,90.5,49.7,78.8,7086,0.08,0.29,2019,0.1012,0.4984,0.2612,0.2133,0.904,0.497,0.7718,0.0039,0.0081,0.2929,Improving
230,University of Padua,50.0,39.9,27.7,83.7,37.5,42.4,43289,0.21,0.04,2019,0.1026,0.4951,0.3464,0.272,0.8354,0.375,0.38,0.0237,0.0231,0.0404,Improving
234,Queen s University Belfast,49.6,27.5,32.6,87.6,38.7,96.3,17655,0.17,0.35,2019,0.1043,0.4908,0.2109,0.3215,0.8747,0.387,0.9602,0.0097,0.0185,0.3535,Improving
235,Queensland University of Technology,49.5,28.6,37.9,81.3,56.7,79.9,33931,0.35,0.16,2019,0.1048,0.4897,0.223,0.3751,0.8111,0.567,0.7836,0.0186,0.0393,0.1616,Improving
249,University of Wollongong,48.1,30.3,33.5,75.7,52.8,90.9,18209,0.31,0.26,2019,0.1111,0.4744,0.2415,0.3306,0.7545,0.528,0.902,0.01,0.0347,0.2626,Improving
270,University of Navarra,46.0,34.1,24.2,82.0,66.6,63.2,10717,0.15,0.2,2019,0.1205,0.4516,0.2831,0.2366,0.8182,0.666,0.6039,0.0059,0.0162,0.202,Improving
280,Sapienza University of Rome,45.0,38.0,38.3,70.4,44.2,39.6,68282,0.22,0.06,2019,0.1249,0.4407,0.3257,0.3792,0.701,0.442,0.3498,0.0374,0.0243,0.0606,Improving
286,University of Surrey,44.4,32.0,32.6,72.2,47.7,93.2,11985,0.16,0.4,2019,0.1276,0.4342,0.2601,0.3215,0.7192,0.477,0.9268,0.0066,0.0173,0.404,Improving
297,Vrije Universiteit Brussel,43.3,35.4,36.1,66.4,57.9,74.1,11101,0.28,0.22,2019,0.1326,0.4222,0.2973,0.3569,0.6606,0.579,0.7212,0.0061,0.0312,0.2222,Improving
312,Curtin University,43.2,20.6,25.7,74.8,41.6,94.9,30904,0.18,0.35,2019,0.1393,0.4211,0.1355,0.2518,0.7455,0.416,0.9451,0.0169,0.0197,0.3535,Improving
338,University of Tartu,43.2,25.1,26.4,81.1,36.8,51.9,8518,0.11,0.06,2019,0.1509,0.4211,0.1847,0.2588,0.8091,0.368,0.4822,0.0047,0.0116,0.0606,Improving
350,Wuhan University,43.2,48.0,34.1,47.1,87.3,40.4,50015,0.14,0.08,2019,0.1563,0.4211,0.435,0.3367,0.4657,0.873,0.3584,0.0274,0.015,0.0808,Improving
360,Deakin University,43.2,23.3,28.8,67.9,38.3,81.3,37330,0.3,0.19,2019,0.1608,0.4211,0.165,0.2831,0.6758,0.383,0.7987,0.0205,0.0335,0.1919,Improving
1,University of Oxford,95.4,90.5,99.6,98.4,65.5,96.4,20664,0.11,0.41,2020,0.0,0.9891,0.8995,0.999,0.9838,0.655,0.9612,0.0113,0.0116,0.4141,Improving
23,Tsinghua University,82.6,86.6,94.0,74.6,100.0,47.4,38783,0.12,0.11,2020,0.0099,0.8498,0.8568,0.9424,0.7434,1.0,0.4338,0.0213,0.0127,0.1111,Improving
24,Peking University,82.3,89.1,90.0,73.2,86.6,59.6,39575,0.12,0.15,2020,0.0103,0.8466,0.8842,0.9019,0.7293,0.866,0.5651,0.0217,0.0127,0.1515,Improving
25,National University of Singapore,81.9,76.8,90.4,76.9,58.8,95.5,30869,0.18,0.28,2020,0.0107,0.8422,0.7497,0.906,0.7667,0.588,0.9516,0.0169,0.0197,0.2828,Improving
29,New York University,81.1,76.8,77.5,96.5,38.7,65.4,44466,0.09,0.33,2020,0.0125,0.8335,0.7497,0.7755,0.9646,0.387,0.6276,0.0244,0.0092,0.3333,Improving
36,King s College London,75.7,61.3,68.5,94.8,45.6,95.6,26057,0.12,0.44,2020,0.0157,0.7748,0.5803,0.6845,0.9475,0.456,0.9526,0.0143,0.0127,0.4444,Improving
43,Technical University of Munich,74.1,64.6,70.4,85.5,100.0,72.9,40472,0.48,0.27,2020,0.0188,0.7573,0.6164,0.7037,0.8535,1.0,0.7083,0.0222,0.0543,0.2727,Improving
45,KU Leuven,73.2,58.7,73.9,85.3,99.3,71.8,45049,0.36,0.15,2020,0.0197,0.7476,0.5519,0.7391,0.8515,0.993,0.6964,0.0247,0.0405,0.1515,Improving
58,Chinese University of Hong Kong,69.6,55.8,62.8,84.5,55.2,97.8,18340,0.19,0.32,2020,0.0255,0.7084,0.5202,0.6269,0.8434,0.552,0.9763,0.0101,0.0208,0.3232,Improving
62,University of Amsterdam,68.1,48.0,63.4,91.2,45.3,82.0,26723,0.14,0.18,2020,0.0273,0.6921,0.435,0.633,0.9111,0.453,0.8062,0.0146,0.015,0.1818,Improving
73,University of Groningen,65.1,42.3,55.6,91.6,79.8,82.5,27228,0.24,0.21,2020,0.0322,0.6594,0.3727,0.5541,0.9152,0.798,0.8116,0.0149,0.0266,0.2121,Improving
75,Monash University,64.7,47.3,56.6,83.8,67.2,89.9,52989,0.34,0.39,2020,0.0331,0.6551,0.4273,0.5642,0.8364,0.672,0.8913,0.029,0.0382,0.3939,Improving
77,University of Warwick,64.6,46.9,52.7,88.8,42.8,93.8,20599,0.13,0.41,2020,0.034,0.654,0.423,0.5248,0.8869,0.428,0.9333,0.0113,0.0139,0.4141,Improving
82,University of Science and Technology of China,64.0,64.6,59.5,74.7,79.6,31.3,16245,0.08,0.04,2020,0.0363,0.6474,0.6164,0.5935,0.7444,0.796,0.2605,0.0089,0.0081,0.0404,Improving
89,Sungkyunkwan University (SKKU),63.0,57.6,61.2,70.3,97.3,51.1,23342,0.2,0.15,2020,0.0394,0.6366,0.5399,0.6107,0.7,0.973,0.4736,0.0128,0.022,0.1515,Improving
92,University of T�bingen,62.7,51.2,56.2,80.1,67.0,64.0,27901,0.38,0.14,2020,0.0408,0.6333,0.4699,0.5602,0.799,0.67,0.6125,0.0153,0.0428,0.1414,Improving
99,University of Glasgow,62.2,41.1,47.9,91.8,40.0,92.3,25357,0.15,0.37,2020,0.0439,0.6279,0.3596,0.4762,0.9172,0.4,0.9171,0.0139,0.0162,0.3737,Improving
100,RWTH Aachen University,62.2,55.6,61.5,67.3,98.1,59.0,45377,0.61,0.21,2020,0.0443,0.6279,0.518,0.6138,0.6697,0.981,0.5587,0.0249,0.0694,0.2121,Improving
101,University of Copenhagen,62.1,48.1,44.1,89.6,48.1,85.4,31219,0.04,0.17,2020,0.0448,0.6268,0.4361,0.4378,0.8949,0.481,0.8428,0.0171,0.0035,0.1717,Improving
108,Zhejiang University,61.5,66.0,64.7,50.6,100.0,61.8,33427,0.11,0.22,2020,0.0479,0.6202,0.6317,0.6461,0.501,1.0,0.5888,0.0183,0.0116,0.2222,Improving
109,Fudan University,61.4,61.9,58.6,68.1,58.6,44.8,32537,0.11,0.12,2020,0.0484,0.6192,0.5869,0.5844,0.6778,0.586,0.4058,0.0178,0.0116,0.1212,Improving
112,University of Birmingham,60.9,39.6,45.6,92.1,39.3,89.2,29542,0.15,0.29,2020,0.0497,0.6137,0.3432,0.453,0.9202,0.393,0.8837,0.0162,0.0162,0.2929,Improving
113,University of Bern,60.4,44.5,41.2,86.6,85.0,87.3,11090,0.17,0.16,2020,0.0502,0.6083,0.3967,0.4085,0.8646,0.85,0.8633,0.0061,0.0185,0.1616,Improving
120,University of Adelaide,59.9,34.3,41.6,95.3,64.8,91.7,21093,0.3,0.29,2020,0.0533,0.6028,0.2852,0.4125,0.9525,0.648,0.9107,0.0116,0.0335,0.2929,Improving
131,University of Oslo,58.7,39.6,43.8,90.0,40.7,75.5,20783,0.13,0.17,2020,0.0582,0.5898,0.3432,0.4348,0.899,0.407,0.7363,0.0114,0.0139,0.1717,Improving
142,Ulm University,57.9,40.6,36.6,94.9,75.7,57.5,10629,0.28,0.13,2020,0.0631,0.5811,0.3541,0.362,0.9485,0.757,0.5425,0.0058,0.0312,0.1313,Improving
145,Nanjing University,57.6,50.7,48.0,71.8,84.9,57.8,34569,0.15,0.1,2020,0.0645,0.5778,0.4645,0.4772,0.7152,0.849,0.5457,0.0189,0.0162,0.101,Improving
161,Shanghai Jiao Tong University,56.9,58.0,63.0,47.9,99.9,49.8,38853,0.11,0.13,2020,0.0717,0.5702,0.5443,0.6289,0.4737,0.999,0.4596,0.0213,0.0116,0.1313,Improving
163,University of W�rzburg,56.8,38.7,42.4,87.5,65.6,61.5,24082,0.37,0.1,2020,0.0725,0.5691,0.3333,0.4206,0.8737,0.656,0.5856,0.0132,0.0416,0.101,Improving
166,Bielefeld University,56.1,36.1,42.7,91.1,59.4,48.6,24875,0.78,0.08,2020,0.0739,0.5615,0.3049,0.4237,0.9101,0.594,0.4467,0.0136,0.089,0.0808,Improving
169,University of Bologna,56.0,51.5,34.8,83.8,45.1,50.7,65819,0.24,0.12,2020,0.0752,0.5604,0.4732,0.3438,0.8364,0.451,0.4693,0.0361,0.0266,0.1212,Improving
171,Hong Kong Polytechnic University,55.9,41.0,46.6,71.8,42.3,94.1,20388,0.23,0.25,2020,0.0761,0.5593,0.3585,0.4631,0.7152,0.423,0.9365,0.0112,0.0254,0.2525,Improving
182,Queensland University of Technology,55.2,31.9,40.3,86.4,62.4,81.4,34871,0.38,0.16,2020,0.0811,0.5517,0.259,0.3994,0.8626,0.624,0.7998,0.0191,0.0428,0.1616,Improving
184,Aalto University,54.8,41.8,39.4,76.7,48.3,82.3,12195,0.19,0.26,2020,0.082,0.5473,0.3672,0.3903,0.7646,0.483,0.8095,0.0067,0.0208,0.2626,Improving
195,University of Technology Sydney,54.0,33.5,42.9,75.3,50.3,96.1,26385,0.43,0.34,2020,0.0869,0.5386,0.2765,0.4257,0.7505,0.503,0.958,0.0145,0.0486,0.3434,Improving
218,King Abdulaziz University,53.7,29.5,16.5,96.4,78.9,93.1,32853,0.08,0.21,2020,0.0972,0.5354,0.2328,0.1587,0.9636,0.789,0.9257,0.018,0.0081,0.2121,Improving
223,Macquarie University,53.7,37.8,42.6,71.8,53.1,83.9,30234,0.69,0.29,2020,0.0994,0.5354,0.3235,0.4226,0.7152,0.531,0.8267,0.0166,0.0786,0.2929,Improving
226,Medical University of Vienna,53.7,33.4,23.5,90.3,53.0,78.8,7142,0.08,0.3,2020,0.1008,0.5354,0.2754,0.2295,0.902,0.53,0.7718,0.0039,0.0081,0.303,Improving
231,University of Padua,53.7,42.5,30.9,80.2,38.4,45.1,45169,0.21,0.04,2020,0.103,0.5354,0.3749,0.3043,0.8,0.384,0.409,0.0248,0.0231,0.0404,Improving
233,Queen s University Belfast,53.7,31.2,35.5,83.7,38.7,96.4,17747,0.17,0.36,2020,0.1039,0.5354,0.2514,0.3509,0.8354,0.387,0.9612,0.0097,0.0185,0.3636,Improving
245,Vrije Universiteit Brussel,53.7,37.4,42.3,62.7,87.0,75.4,11371,0.28,0.22,2020,0.1093,0.5354,0.3191,0.4196,0.6232,0.87,0.7352,0.0062,0.0312,0.2222,Improving
250,University of Wollongong,53.7,29.9,35.0,75.5,55.7,93.4,18642,0.32,0.29,2020,0.1115,0.5354,0.2372,0.3458,0.7525,0.557,0.929,0.0102,0.0358,0.2929,Improving
254,University of Bath,50.0,28.6,31.1,75.7,37.5,90.3,13825,0.16,0.32,2020,0.1133,0.4951,0.223,0.3064,0.7545,0.375,0.8956,0.0076,0.0173,0.3232,Improving
260,Curtin University,50.0,23.4,30.4,83.2,44.8,94.2,29214,0.2,0.31,2020,0.116,0.4951,0.1661,0.2993,0.8303,0.448,0.9376,0.016,0.022,0.3131,Improving
277,University of Navarra,50.0,30.4,27.9,80.3,85.5,65.1,10833,0.13,0.22,2020,0.1236,0.4951,0.2426,0.274,0.801,0.855,0.6243,0.0059,0.0139,0.2222,Improving
287,Sapienza University of Rome,50.0,40.4,40.0,69.8,43.6,40.5,71318,0.21,0.06,2020,0.1281,0.4951,0.3519,0.3964,0.6949,0.436,0.3595,0.0391,0.0231,0.0606,Improving
294,University of Surrey,50.0,30.2,34.3,71.9,46.8,93.7,13125,0.16,0.37,2020,0.1312,0.4951,0.2404,0.3387,0.7162,0.468,0.9322,0.0072,0.0173,0.3737,Improving
309,Deakin University,46.8,23.8,29.6,73.5,40.6,85.2,39305,0.29,0.22,2020,0.1379,0.4603,0.1705,0.2912,0.7323,0.406,0.8407,0.0215,0.0324,0.2222,Improving
339,University of Tartu,46.8,26.8,27.1,82.4,37.5,55.4,8532,0.12,0.08,2020,0.1514,0.4603,0.2033,0.2659,0.8222,0.375,0.5199,0.0047,0.0127,0.0808,Improving
401,Wuhan University,44.4,44.0,34.0,52.5,84.7,40.4,52502,0.15,0.07,2020,0.1791,0.4342,0.3913,0.3357,0.5202,0.847,0.3584,0.0288,0.0162,0.0707,Improving
1,University of Oxford,95.6,91.3,99.6,98.0,68.7,96.4,20775,0.11,0.41,2021,0.0,0.9913,0.9082,0.999,0.9798,0.687,0.9612,0.0114,0.0116,0.4141,Improving
21,Tsinghua University,84.8,87.7,94.9,78.8,100.0,51.1,37484,0.12,0.13,2021,0.009,0.8738,0.8689,0.9515,0.7859,1.0,0.4736,0.0205,0.0127,0.1313,Improving
23,Peking University,83.9,89.6,91.3,75.4,96.3,61.2,38583,0.11,0.16,2021,0.0099,0.864,0.8896,0.9151,0.7515,0.963,0.5823,0.0211,0.0116,0.1616,Improving
25,National University of Singapore,83.5,75.9,90.8,81.5,77.8,94.8,30943,0.18,0.26,2021,0.0107,0.8596,0.7399,0.91,0.8131,0.778,0.944,0.017,0.0197,0.2626,Improving
26,New York University,81.9,76.1,80.6,96.0,37.3,69.6,44474,0.09,0.34,2021,0.0112,0.8422,0.7421,0.8069,0.9596,0.373,0.6728,0.0244,0.0092,0.3434,Improving
35,King s College London,76.1,57.3,72.4,96.6,43.6,95.4,27400,0.12,0.46,2021,0.0152,0.7791,0.5366,0.724,0.9657,0.436,0.9505,0.015,0.0127,0.4646,Improving
41,Technical University of Munich,74.8,63.8,73.6,85.0,100.0,74.4,32377,0.4,0.31,2021,0.0179,0.765,0.6077,0.7361,0.8485,1.0,0.7244,0.0177,0.0451,0.3131,Improving
45,KU Leuven,73.7,58.7,74.4,86.1,97.2,72.7,45617,0.36,0.15,2021,0.0197,0.753,0.5519,0.7442,0.8596,0.972,0.7061,0.025,0.0405,0.1515,Improving
56,Chinese University of Hong Kong,70.1,55.7,59.1,89.4,58.6,98.3,18675,0.19,0.33,2021,0.0246,0.7138,0.5191,0.5895,0.8929,0.586,0.9817,0.0102,0.0208,0.3333,Improving
62,The University of Queensland,69.4,54.3,61.0,85.9,81.0,93.0,40389,0.35,0.38,2021,0.0273,0.7062,0.5038,0.6087,0.8576,0.81,0.9247,0.0221,0.0393,0.3838,Improving
65,Monash University,68.9,52.9,61.7,86.2,73.9,90.3,57406,0.42,0.43,2021,0.0287,0.7008,0.4885,0.6158,0.8606,0.739,0.8956,0.0315,0.0474,0.4343,Improving
66,University of Amsterdam,68.8,49.1,62.2,92.8,39.9,87.4,24747,0.13,0.24,2021,0.0291,0.6997,0.447,0.6208,0.9273,0.399,0.8644,0.0136,0.0139,0.2424,Improving
70,Fudan University,66.7,65.9,65.6,73.3,67.1,47.7,32597,0.11,0.13,2021,0.0309,0.6768,0.6306,0.6552,0.7303,0.671,0.437,0.0179,0.0116,0.1313,Improving
77,University of Warwick,65.3,46.7,53.8,90.1,41.6,94.0,21775,0.13,0.41,2021,0.034,0.6616,0.4208,0.5359,0.9,0.416,0.9354,0.0119,0.0139,0.4141,Improving
79,University of T�bingen,65.2,53.3,59.7,81.9,77.1,64.3,27590,0.37,0.14,2021,0.0349,0.6605,0.4929,0.5956,0.8172,0.771,0.6157,0.0151,0.0416,0.1414,Improving
80,University of Groningen,65.1,41.2,56.2,92.6,69.8,85.1,28392,0.24,0.23,2021,0.0354,0.6594,0.3607,0.5602,0.9253,0.698,0.8396,0.0156,0.0266,0.2323,Improving
84,University of Copenhagen,63.8,49.3,47.3,90.4,50.5,86.4,30746,0.04,0.17,2021,0.0372,0.6453,0.4492,0.4702,0.903,0.505,0.8536,0.0169,0.0035,0.1717,Improving
88,University of Science and Technology of China,63.4,64.0,60.4,72.3,75.2,33.0,16434,0.07,0.05,2021,0.039,0.6409,0.6098,0.6026,0.7202,0.752,0.2788,0.009,0.0069,0.0505,Improving
93,University of Glasgow,62.9,40.9,48.1,94.3,39.9,92.8,26535,0.15,0.38,2021,0.0412,0.6355,0.3574,0.4783,0.9424,0.399,0.9225,0.0145,0.0162,0.3838,Improving
95,Zhejiang University,62.5,65.9,65.6,52.3,100.0,65.1,33825,0.11,0.23,2021,0.0421,0.6311,0.6306,0.6552,0.5182,1.0,0.6243,0.0185,0.0116,0.2323,Improving
100,Shanghai Jiao Tong University,61.8,60.8,70.0,53.7,100.0,52.0,38556,0.12,0.11,2021,0.0443,0.6235,0.5749,0.6997,0.5323,1.0,0.4833,0.0211,0.0127,0.1111,Improving
102,Sungkyunkwan University (SKKU),61.7,55.7,60.3,67.8,98.1,55.0,23340,0.2,0.18,2021,0.0452,0.6224,0.5191,0.6016,0.6747,0.981,0.5156,0.0128,0.022,0.1818,Improving
107,University of Birmingham,61.3,40.3,45.5,92.6,40.1,90.2,30195,0.15,0.3,2021,0.0475,0.6181,0.3508,0.452,0.9253,0.401,0.8945,0.0165,0.0162,0.303,Improving
108,RWTH Aachen University,61.3,55.8,62.4,62.9,98.0,60.1,45256,0.58,0.23,2021,0.0479,0.6181,0.5202,0.6229,0.6253,0.98,0.5705,0.0248,0.0659,0.2323,Improving
109,University of Bern,61.2,44.9,42.8,87.4,84.7,87.1,11417,0.17,0.16,2021,0.0484,0.617,0.4011,0.4247,0.8727,0.847,0.8611,0.0063,0.0185,0.1616,Improving
111,Nanjing University,61.0,52.4,54.0,75.2,91.3,56.3,37475,0.17,0.09,2021,0.0493,0.6148,0.4831,0.5379,0.7495,0.913,0.5296,0.0205,0.0185,0.0909,Improving
118,University of Adelaide,60.4,33.7,42.9,96.0,68.5,92.3,21054,0.31,0.29,2021,0.0524,0.6083,0.2787,0.4257,0.9596,0.685,0.9171,0.0115,0.0347,0.2929,Improving
127,University of Oslo,59.4,39.5,44.2,91.5,40.4,78.1,20737,0.12,0.17,2021,0.0564,0.5974,0.3421,0.4388,0.9141,0.404,0.7643,0.0114,0.0127,0.1717,Improving
129,Hong Kong Polytechnic University,59.1,41.1,47.5,81.0,41.7,96.1,22778,0.25,0.27,2021,0.0573,0.5941,0.3596,0.4722,0.8081,0.417,0.958,0.0125,0.0277,0.2727,Improving
143,Ulm University,58.2,40.0,37.9,94.9,82.0,57.4,10503,0.28,0.13,2021,0.0636,0.5843,0.3475,0.3751,0.9485,0.82,0.5414,0.0058,0.0312,0.1313,Improving
144,University of W�rzburg,58.2,39.3,43.0,90.5,70.2,61.5,23887,0.38,0.1,2021,0.064,0.5843,0.3399,0.4267,0.904,0.702,0.5856,0.0131,0.0428,0.101,Improving
158,Bielefeld University,56.9,34.4,42.7,94.8,66.5,48.3,24890,0.71,0.08,2021,0.0703,0.5702,0.2863,0.4237,0.9475,0.665,0.4435,0.0136,0.0809,0.0808,Improving
162,University of Technology Sydney,56.8,35.3,44.3,81.1,53.7,97.0,26529,0.42,0.36,2021,0.0721,0.5691,0.2962,0.4398,0.8091,0.537,0.9677,0.0145,0.0474,0.3636,Improving
167,University of Bologna,56.3,50.8,36.6,83.6,44.1,51.6,67298,0.24,0.12,2021,0.0743,0.5637,0.4656,0.362,0.8343,0.441,0.479,0.0369,0.0266,0.1212,Improving
185,Queensland University of Technology,55.1,31.7,37.4,89.4,53.5,83.2,35555,0.42,0.17,2021,0.0824,0.5506,0.2568,0.3701,0.8929,0.535,0.8192,0.0195,0.0474,0.1717,Improving
194,Macquarie University,54.6,38.5,43.1,73.7,58.6,87.1,29835,0.66,0.29,2021,0.0864,0.5452,0.3311,0.4277,0.7343,0.586,0.8611,0.0164,0.0751,0.2929,Improving
201,Queen s University Belfast,54.3,31.5,38.1,84.0,38.4,96.7,18440,0.17,0.36,2021,0.0896,0.5419,0.2546,0.3771,0.8384,0.384,0.9645,0.0101,0.0185,0.3636,Improving
203,Aalto University,54.1,39.8,38.8,70.7,50.0,82.7,12506,0.19,0.24,2021,0.0905,0.5397,0.3454,0.3842,0.704,0.5,0.8138,0.0069,0.0208,0.2424,Improving
204,University of Bath,54.0,30.0,32.2,80.5,36.5,91.8,14410,0.16,0.33,2021,0.0909,0.5386,0.2383,0.3175,0.803,0.365,0.9117,0.0079,0.0173,0.3333,Improving
210,Curtin University,53.4,24.1,30.5,86.9,42.1,95.0,30130,0.2,0.32,2021,0.0936,0.5321,0.1738,0.3003,0.8677,0.421,0.9462,0.0165,0.022,0.3232,Improving
221,King Abdulaziz University,52.3,30.6,16.0,95.2,77.7,93.4,31869,0.08,0.22,2021,0.0985,0.5201,0.2448,0.1537,0.9515,0.777,0.929,0.0175,0.0081,0.2222,Improving
229,Medical University of Vienna,51.5,33.4,25.4,92.2,57.8,79.2,7466,0.09,0.3,2021,0.1021,0.5114,0.2754,0.2487,0.9212,0.578,0.7761,0.0041,0.0092,0.303,Improving
236,Sapienza University of Rome,50.8,51.9,41.4,68.5,44.0,41.4,77496,0.23,0.07,2021,0.1052,0.5038,0.4776,0.4105,0.6818,0.44,0.3692,0.0425,0.0254,0.0707,Improving
248,University of Wollongong,49.6,29.2,36.1,78.1,56.9,94.3,18517,0.3,0.29,2021,0.1106,0.4908,0.2295,0.3569,0.7788,0.569,0.9386,0.0101,0.0335,0.2929,Improving
257,Deakin University,48.7,25.1,31.4,78.3,40.2,87.1,41341,0.34,0.26,2021,0.1146,0.481,0.1847,0.3094,0.7808,0.402,0.8611,0.0227,0.0382,0.2626,Improving
272,University of Navarra,47.2,29.0,27.9,83.3,63.4,69.5,11329,0.15,0.24,2021,0.1214,0.4646,0.2273,0.274,0.8313,0.634,0.6717,0.0062,0.0162,0.2424,Improving
277,University of Padua,46.7,40.0,32.8,78.5,38.3,48.8,46900,0.22,0.07,2021,0.1236,0.4592,0.3475,0.3236,0.7828,0.383,0.4489,0.0257,0.0243,0.0707,Improving
287,University of Surrey,45.7,30.8,34.5,74.0,43.1,94.5,14315,0.16,0.38,2021,0.1281,0.4483,0.247,0.3407,0.7374,0.431,0.9408,0.0078,0.0173,0.3838,Improving
290,University of Tartu,45.4,25.6,28.3,87.8,41.7,59.3,8735,0.12,0.1,2021,0.1294,0.445,0.1902,0.2781,0.8768,0.417,0.5619,0.0048,0.0127,0.101,Improving
293,Vrije Universiteit Brussel,45.1,36.6,43.0,63.3,54.8,76.3,12041,0.3,0.23,2021,0.1308,0.4418,0.3104,0.4267,0.6293,0.548,0.7449,0.0066,0.0335,0.2323,Improving
346,Wuhan University,44.8,43.4,36.8,58.4,86.9,40.4,53956,0.15,0.07,2021,0.1545,0.4385,0.3847,0.364,0.5798,0.869,0.3584,0.0296,0.0162,0.0707,Improving
1,University of Oxford,95.7,91.0,99.6,98.0,74.4,96.3,20835,0.11,0.42,2022,0.0,0.9924,0.9049,0.999,0.9798,0.744,0.9602,0.0114,0.0116,0.4242,Improving
16,Peking University,87.5,91.4,94.6,81.7,93.1,65.1,31606,0.1,0.19,2022,0.0067,0.9032,0.9093,0.9484,0.8152,0.931,0.6243,0.0173,0.0104,0.1919,Improving
17,Tsinghua University,87.5,88.1,95.7,86.8,100.0,50.6,38221,0.12,0.13,2022,0.0072,0.9032,0.8732,0.9596,0.8667,1.0,0.4682,0.0209,0.0127,0.1313,Improving
21,National University of Singapore,85.2,76.3,90.6,87.3,75.4,94.4,31819,0.19,0.25,2022,0.009,0.8781,0.7443,0.908,0.8717,0.754,0.9397,0.0174,0.0208,0.2525,Improving
26,New York University,82.4,75.4,83.1,94.7,41.4,72.3,45424,0.11,0.35,2022,0.0112,0.8477,0.7344,0.8322,0.9465,0.414,0.7018,0.0249,0.0116,0.3535,Improving
35,King s College London,76.0,57.6,71.2,96.9,43.7,95.9,28250,0.12,0.49,2022,0.0152,0.778,0.5399,0.7118,0.9687,0.437,0.9559,0.0155,0.0127,0.4949,Improving
38,Technical University of Munich,75.6,64.5,74.8,85.5,100.0,76.1,32672,0.39,0.33,2022,0.0166,0.7737,0.6153,0.7482,0.8535,1.0,0.7427,0.0179,0.0439,0.3333,Improving
43,KU Leuven,73.6,59.1,73.2,86.2,99.2,74.2,46327,0.36,0.16,2022,0.0188,0.7519,0.5563,0.7321,0.8606,0.992,0.7223,0.0254,0.0405,0.1616,Improving
49,Chinese University of Hong Kong,71.3,55.1,58.6,95.0,60.2,95.0,18478,0.19,0.25,2022,0.0215,0.7269,0.5126,0.5844,0.9495,0.602,0.9462,0.0101,0.0208,0.2525,Improving
55,The University of Queensland,70.0,55.0,62.0,85.8,86.2,93.4,41914,0.36,0.41,2022,0.0242,0.7127,0.5115,0.6188,0.8566,0.862,0.929,0.023,0.0405,0.4141,Improving
57,Monash University,69.9,54.3,61.7,87.7,79.2,91.0,60211,0.44,0.45,2022,0.0251,0.7116,0.5038,0.6158,0.8758,0.792,0.9031,0.033,0.0497,0.4545,Improving
60,Fudan University,69.7,66.8,68.4,79.0,70.7,48.6,33140,0.11,0.12,2022,0.0264,0.7095,0.6404,0.6835,0.7879,0.707,0.4467,0.0182,0.0116,0.1212,Improving
65,University of Amsterdam,68.9,49.0,63.3,91.6,41.6,89.8,25556,0.13,0.29,2022,0.0287,0.7008,0.4459,0.632,0.9152,0.416,0.8902,0.014,0.0139,0.2929,Improving
76,Zhejiang University,65.8,67.2,69.9,58.6,100.0,61.6,40352,0.12,0.2,2022,0.0336,0.667,0.6448,0.6987,0.5818,1.0,0.5867,0.0221,0.0127,0.202,Improving
78,University of T�bingen,65.4,53.3,58.7,82.9,82.7,65.2,20438,0.26,0.14,2022,0.0345,0.6627,0.4929,0.5854,0.8273,0.827,0.6254,0.0112,0.0289,0.1414,Improving
79,University of Warwick,65.4,46.9,53.0,90.7,44.8,94.5,22710,0.14,0.43,2022,0.0349,0.6627,0.423,0.5278,0.9061,0.448,0.9408,0.0124,0.015,0.4343,Improving
80,University of Groningen,65.2,42.5,55.3,90.6,81.1,88.7,29440,0.24,0.27,2022,0.0354,0.6605,0.3749,0.5511,0.9051,0.811,0.8784,0.0161,0.0266,0.2727,Improving
84,Shanghai Jiao Tong University,64.7,64.2,71.9,59.3,100.0,47.0,36638,0.11,0.1,2022,0.0372,0.6551,0.612,0.7189,0.5889,1.0,0.4295,0.0201,0.0116,0.101,Improving
86,University of Glasgow,63.7,41.9,49.9,94.0,40.7,93.1,27625,0.14,0.4,2022,0.0381,0.6442,0.3683,0.4965,0.9394,0.407,0.9257,0.0151,0.015,0.404,Improving
89,University of Science and Technology of China,63.6,63.4,61.5,72.8,70.3,34.5,16718,0.07,0.05,2022,0.0394,0.6431,0.6033,0.6138,0.7253,0.703,0.2949,0.0092,0.0069,0.0505,Improving
91,Hong Kong Polytechnic University,63.3,45.4,53.9,83.7,46.0,97.1,21979,0.26,0.29,2022,0.0403,0.6398,0.4066,0.5369,0.8354,0.46,0.9688,0.012,0.0289,0.2929,Improving
96,University of Copenhagen,62.7,46.8,47.1,88.8,54.4,86.8,30326,0.04,0.18,2022,0.0425,0.6333,0.4219,0.4681,0.8869,0.544,0.8579,0.0166,0.0035,0.1818,Improving
101,University of Bern,62.2,45.0,44.9,88.2,90.6,87.3,11556,0.17,0.16,2022,0.0448,0.6279,0.4022,0.4459,0.8808,0.906,0.8633,0.0063,0.0185,0.1616,Improving
105,University of Birmingham,61.5,40.3,45.2,93.3,40.6,91.7,31365,0.15,0.32,2022,0.0466,0.6202,0.3508,0.4489,0.9323,0.406,0.9107,0.0172,0.0162,0.3232,Improving
106,Nanjing University,61.5,54.9,54.6,74.0,86.8,56.6,37137,0.17,0.09,2022,0.047,0.6202,0.5104,0.544,0.7374,0.868,0.5328,0.0204,0.0185,0.0909,Improving
109,RWTH Aachen University,61.4,55.3,61.6,64.1,98.7,62.0,45628,0.56,0.25,2022,0.0484,0.6192,0.5148,0.6148,0.6374,0.987,0.591,0.025,0.0636,0.2525,Improving
111,University of Adelaide,61.2,35.6,45.2,94.3,65.5,93.7,22061,0.31,0.32,2022,0.0493,0.617,0.2995,0.4489,0.9424,0.655,0.9322,0.0121,0.0347,0.3232,Improving
120,University of Oslo,60.1,40.5,46.5,89.5,44.3,80.4,21413,0.13,0.19,2022,0.0533,0.605,0.353,0.4621,0.8939,0.443,0.789,0.0117,0.0139,0.1919,Improving
123,Sungkyunkwan University (SKKU),60.0,56.9,60.2,60.7,99.4,56.3,23104,0.19,0.19,2022,0.0546,0.6039,0.5322,0.6006,0.603,0.994,0.5296,0.0127,0.0208,0.1919,Improving
145,University of Technology Sydney,57.8,36.5,43.7,83.7,55.0,97.2,26955,0.4,0.37,2022,0.0645,0.58,0.3093,0.4338,0.8354,0.55,0.9699,0.0148,0.0451,0.3737,Improving
149,Ulm University,57.6,39.8,38.6,92.4,85.7,56.9,10284,0.27,0.13,2022,0.0663,0.5778,0.3454,0.3822,0.9232,0.857,0.5361,0.0056,0.0301,0.1313,Improving
157,Wuhan University,56.9,43.2,37.7,92.3,80.9,39.8,54421,0.15,0.07,2022,0.0699,0.5702,0.3825,0.3731,0.9222,0.809,0.352,0.0298,0.0162,0.0707,Improving
164,University of W�rzburg,56.6,38.1,43.2,85.6,73.9,62.4,23374,0.36,0.1,2022,0.073,0.5669,0.3268,0.4287,0.8545,0.739,0.5953,0.0128,0.0405,0.101,Improving
165,Bielefeld University,56.5,36.4,41.8,94.4,42.4,48.1,25182,0.71,0.08,2022,0.0734,0.5658,0.3082,0.4146,0.9434,0.424,0.4413,0.0138,0.0809,0.0808,Improving
171,University of Bologna,55.8,49.8,36.9,82.7,45.3,52.1,68370,0.24,0.12,2022,0.0761,0.5582,0.4546,0.365,0.8253,0.453,0.4844,0.0375,0.0266,0.1212,Improving
189,King Abdulaziz University,54.5,36.7,22.9,92.4,74.0,93.6,32034,0.08,0.22,2022,0.0842,0.5441,0.3115,0.2235,0.9232,0.74,0.9311,0.0176,0.0081,0.2222,Improving
191,Macquarie University,54.4,39.0,43.3,71.4,63.3,89.5,30249,0.7,0.3,2022,0.0851,0.543,0.3366,0.4297,0.7111,0.633,0.887,0.0166,0.0798,0.303,Improving
193,Queensland University of Technology,54.3,32.2,36.7,86.8,50.0,84.6,36366,0.4,0.18,2022,0.086,0.5419,0.2623,0.363,0.8667,0.5,0.8342,0.0199,0.0451,0.1818,Improving
199,Sapienza University of Rome,54.0,51.5,41.7,70.9,55.9,44.3,71992,0.31,0.09,2022,0.0887,0.5386,0.4732,0.4135,0.7061,0.559,0.4004,0.0395,0.0347,0.0909,Improving
202,Aalto University,53.8,38.9,38.6,71.6,54.2,83.7,12815,0.19,0.24,2022,0.09,0.5365,0.3355,0.3822,0.7131,0.542,0.8245,0.007,0.0208,0.2424,Improving
205,University of Bath,53.5,32.2,34.0,78.9,38.7,92.9,14655,0.16,0.34,2022,0.0914,0.5332,0.2623,0.3357,0.7869,0.387,0.9236,0.008,0.0173,0.3434,Improving
224,Medical University of Vienna,51.6,34.6,26.9,92.7,61.9,79.8,7232,0.09,0.3,2022,0.0999,0.5125,0.2885,0.2639,0.9263,0.619,0.7826,0.004,0.0092,0.303,Improving
228,University of Padua,51.2,41.3,33.8,80.3,40.9,49.4,48651,0.22,0.08,2022,0.1017,0.5082,0.3617,0.3337,0.801,0.409,0.4553,0.0267,0.0243,0.0808,Improving
229,Queen s University Belfast,51.1,29.3,36.3,80.3,41.3,97.2,18485,0.16,0.37,2022,0.1021,0.5071,0.2306,0.3589,0.801,0.413,0.9699,0.0101,0.0173,0.3737,Improving
238,University of Surrey,50.2,31.5,34.7,75.0,43.0,94.6,14455,0.16,0.36,2022,0.1061,0.4973,0.2546,0.3428,0.7475,0.43,0.9419,0.0079,0.0173,0.3636,Improving
249,University of Wollongong,49.1,30.8,37.6,77.3,55.8,94.7,18222,0.3,0.3,2022,0.1111,0.4853,0.247,0.3721,0.7707,0.558,0.9429,0.01,0.0335,0.303,Improving
258,Curtin University,49.1,25.2,32.6,82.5,43.5,95.5,30221,0.21,0.32,2022,0.1151,0.4853,0.1858,0.3215,0.8232,0.435,0.9516,0.0166,0.0231,0.3232,Improving
260,Deakin University,49.1,26.5,32.3,79.3,42.8,89.2,42675,0.34,0.28,2022,0.116,0.4853,0.2,0.3185,0.7909,0.428,0.8837,0.0234,0.0382,0.2828,Improving
278,University of Navarra,49.1,28.7,29.3,85.1,65.9,71.7,11545,0.15,0.26,2022,0.124,0.4853,0.224,0.2882,0.8495,0.659,0.6954,0.0063,0.0162,0.2626,Improving
293,University of Tartu,49.1,25.9,31.0,89.3,43.3,62.6,9087,0.12,0.12,2022,0.1308,0.4853,0.1934,0.3054,0.8919,0.433,0.5974,0.005,0.0127,0.1212,Improving
297,Vrije Universiteit Brussel,49.1,35.5,42.6,63.9,60.8,76.7,13301,0.32,0.23,2022,0.1326,0.4853,0.2984,0.4226,0.6354,0.608,0.7492,0.0073,0.0358,0.2323,Improving
1,University of Oxford,96.4,92.3,99.7,99.0,74.9,96.2,20965,0.11,0.42,2023,0.0,1.0,0.9191,1.0,0.9899,0.749,0.9591,0.0115,0.0116,0.4242,Improving
16,Tsinghua University,88.2,90.1,97.4,88.0,100.0,40.3,38324,0.12,0.1,2023,0.0067,0.9108,0.8951,0.9767,0.8788,1.0,0.3574,0.021,0.0127,0.101,Improving
17,Peking University,88.1,92.5,96.7,80.4,91.8,65.0,31994,0.1,0.19,2023,0.0072,0.9097,0.9213,0.9697,0.802,0.918,0.6233,0.0175,0.0104,0.1919,Improving
19,National University of Singapore,87.1,76.4,93.0,90.2,87.0,94.0,32337,0.2,0.25,2023,0.0081,0.8988,0.7454,0.9323,0.901,0.87,0.9354,0.0177,0.022,0.2525,Improving
24,New York University,82.7,74.2,84.0,95.0,44.6,74.7,36337,0.1,0.42,2023,0.0103,0.8509,0.7213,0.8413,0.9495,0.446,0.7277,0.0199,0.0104,0.4242,Improving
30,Technical University of Munich,79.3,69.8,82.2,84.5,100.0,77.7,33960,0.41,0.36,2023,0.013,0.8139,0.6732,0.8231,0.8434,1.0,0.76,0.0186,0.0462,0.3636,Improving
35,King s College London,77.1,58.0,72.9,98.2,45.6,96.1,28965,0.12,0.52,2023,0.0152,0.79,0.5443,0.729,0.9818,0.456,0.958,0.0159,0.0127,0.5253,Improving
42,KU Leuven,74.6,59.7,74.9,86.7,99.2,76.8,47663,0.36,0.18,2023,0.0184,0.7628,0.5628,0.7492,0.8657,0.992,0.7503,0.0261,0.0405,0.1818,Improving
44,Monash University,73.6,56.9,68.7,90.4,78.4,91.0,58725,0.42,0.41,2023,0.0193,0.7519,0.5322,0.6866,0.903,0.784,0.9031,0.0322,0.0474,0.4141,Improving
45,Chinese University of Hong Kong,73.2,59.1,61.1,95.7,60.9,92.5,18468,0.19,0.21,2023,0.0197,0.7476,0.5563,0.6097,0.9566,0.609,0.9193,0.0101,0.0208,0.2121,Improving
51,Fudan University,72.0,71.8,75.8,74.5,77.3,45.2,36318,0.12,0.09,2023,0.0224,0.7345,0.6951,0.7583,0.7424,0.773,0.4101,0.0199,0.0127,0.0909,Improving
52,Shanghai Jiao Tong University,71.2,75.3,82.9,59.9,100.0,43.7,37478,0.12,0.08,2023,0.0228,0.7258,0.7333,0.8301,0.5949,1.0,0.394,0.0205,0.0127,0.0808,Improving
53,The University of Queensland,71.1,55.9,66.5,84.3,82.0,93.2,41372,0.34,0.41,2023,0.0233,0.7247,0.5213,0.6643,0.8414,0.82,0.9268,0.0227,0.0382,0.4141,Improving
60,University of Amsterdam,69.6,48.0,64.1,93.3,44.4,91.9,29157,0.14,0.32,2023,0.0264,0.7084,0.435,0.64,0.9323,0.444,0.9128,0.016,0.015,0.3232,Improving
67,Zhejiang University,68.1,67.3,74.8,62.8,100.0,55.1,46124,0.12,0.16,2023,0.0296,0.6921,0.6459,0.7482,0.6242,1.0,0.5167,0.0253,0.0127,0.1616,Improving
74,University of Science and Technology of China,67.1,65.0,64.9,78.8,69.4,36.9,18573,0.08,0.06,2023,0.0327,0.6812,0.6208,0.6481,0.7859,0.694,0.3208,0.0102,0.0081,0.0606,Improving
75,University of Groningen,66.6,45.4,57.6,90.4,75.8,89.8,30009,0.24,0.28,2023,0.0331,0.6757,0.4066,0.5743,0.903,0.758,0.8902,0.0164,0.0266,0.2828,Improving
79,Hong Kong Polytechnic University,65.8,46.6,57.0,86.7,56.0,97.6,19046,0.29,0.3,2023,0.0349,0.667,0.4197,0.5683,0.8657,0.56,0.9742,0.0104,0.0324,0.303,Improving
83,University of Glasgow,65.3,43.3,50.8,96.5,41.9,93.8,28540,0.14,0.41,2023,0.0367,0.6616,0.3836,0.5056,0.9646,0.419,0.9333,0.0156,0.015,0.4141,Improving
87,University of T�bingen,64.9,51.1,58.2,84.5,79.9,64.1,20620,0.28,0.13,2023,0.0385,0.6572,0.4689,0.5804,0.8434,0.799,0.6136,0.0113,0.0312,0.1313,Improving
88,University of Adelaide,64.7,42.7,51.8,92.2,65.3,93.6,23102,0.33,0.32,2023,0.039,0.6551,0.377,0.5157,0.9212,0.653,0.9311,0.0127,0.037,0.3232,Improving
94,University of Bern,63.7,46.0,46.5,90.7,86.3,88.2,11728,0.17,0.17,2023,0.0416,0.6442,0.4131,0.4621,0.9061,0.863,0.873,0.0064,0.0185,0.1717,Improving
97,Nanjing University,63.6,58.4,58.2,74.3,87.3,55.2,36426,0.17,0.08,2023,0.043,0.6431,0.5486,0.5804,0.7404,0.873,0.5178,0.02,0.0185,0.0808,Improving
100,RWTH Aachen University,63.4,56.8,64.5,66.1,93.8,65.1,39738,0.5,0.28,2023,0.0443,0.6409,0.5311,0.6441,0.6576,0.938,0.6243,0.0218,0.0566,0.2828,Improving
102,King Abdulaziz University,63.0,51.7,36.7,91.9,74.2,93.6,31545,0.08,0.22,2023,0.0452,0.6366,0.4754,0.363,0.9182,0.742,0.9311,0.0173,0.0081,0.2222,Improving
105,University of Warwick,62.9,44.8,49.6,88.1,42.7,94.9,23230,0.13,0.44,2023,0.0466,0.6355,0.4,0.4934,0.8798,0.427,0.9451,0.0127,0.0139,0.4444,Improving
108,University of Birmingham,62.6,40.5,46.2,95.2,42.3,92.2,31820,0.15,0.34,2023,0.0479,0.6322,0.353,0.459,0.9515,0.423,0.916,0.0174,0.0162,0.3434,Improving
114,University of Copenhagen,61.7,45.1,47.5,87.2,55.0,84.7,31519,0.04,0.16,2023,0.0506,0.6224,0.4033,0.4722,0.8707,0.55,0.8353,0.0173,0.0035,0.1616,Improving
126,University of Oslo,60.2,40.1,48.5,89.0,44.5,77.0,21548,0.13,0.15,2023,0.056,0.6061,0.3486,0.4823,0.8889,0.445,0.7524,0.0118,0.0139,0.1515,Improving
133,University of Technology Sydney,59.3,36.9,42.1,90.5,49.7,96.0,27481,0.35,0.31,2023,0.0591,0.5963,0.3137,0.4176,0.904,0.497,0.9569,0.0151,0.0393,0.3131,Improving
142,University of W�rzburg,58.4,40.7,45.2,87.8,79.4,57.3,23754,0.41,0.1,2023,0.0631,0.5865,0.3552,0.4489,0.8768,0.794,0.5404,0.013,0.0462,0.101,Improving
149,Ulm University,57.8,41.6,41.2,89.3,77.6,56.1,10271,0.26,0.13,2023,0.0663,0.58,0.365,0.4085,0.8919,0.776,0.5274,0.0056,0.0289,0.1313,Improving
161,University of Bologna,57.0,52.1,40.8,80.2,46.4,51.6,69831,0.24,0.12,2023,0.0717,0.5713,0.4798,0.4044,0.8,0.464,0.479,0.0383,0.0266,0.1212,Improving
171,Sungkyunkwan University (SKKU),56.5,52.8,54.0,59.4,98.3,56.4,23399,0.19,0.18,2023,0.0761,0.5658,0.4874,0.5379,0.5899,0.983,0.5307,0.0128,0.0208,0.1818,Improving
172,Wuhan University,56.4,43.5,40.5,89.2,69.4,35.3,55412,0.15,0.06,2023,0.0766,0.5647,0.3858,0.4014,0.8909,0.694,0.3036,0.0304,0.0162,0.0606,Improving
174,Macquarie University,56.2,38.7,44.6,76.1,64.9,89.8,30561,0.69,0.27,2023,0.0775,0.5626,0.3333,0.4429,0.7586,0.649,0.8902,0.0167,0.0786,0.2727,Improving
193,Medical University of Vienna,54.6,35.0,27.6,94.0,61.2,81.7,7274,0.08,0.33,2023,0.086,0.5452,0.2929,0.271,0.9394,0.612,0.803,0.004,0.0081,0.3333,Improving
198,Queen s University Belfast,54.4,31.1,37.9,84.4,41.6,97.4,19060,0.16,0.39,2023,0.0882,0.543,0.2503,0.3751,0.8424,0.416,0.972,0.0104,0.0173,0.3939,Improving
200,Aalto University,54.3,38.3,40.4,67.5,53.2,81.9,13306,0.2,0.21,2023,0.0891,0.5419,0.329,0.4004,0.6717,0.532,0.8052,0.0073,0.022,0.2121,Improving
202,Bielefeld University,54.1,33.1,42.4,84.2,42.9,48.5,24875,0.67,0.07,2023,0.09,0.5397,0.2721,0.4206,0.8404,0.429,0.4456,0.0136,0.0763,0.0707,Improving
204,Curtin University,53.9,26.5,33.5,83.0,48.5,95.2,29999,0.21,0.31,2023,0.0909,0.5375,0.2,0.3306,0.8283,0.485,0.9483,0.0164,0.0231,0.3131,Improving
223,University of Padua,52.0,47.2,36.5,80.9,46.4,49.3,48524,0.29,0.08,2023,0.0994,0.5169,0.4262,0.361,0.8071,0.464,0.4543,0.0266,0.0324,0.0808,Improving
226,Queensland University of Technology,51.7,29.2,39.7,86.0,50.1,83.9,35278,0.38,0.17,2023,0.1008,0.5136,0.2295,0.3933,0.8586,0.501,0.8267,0.0193,0.0428,0.1717,Improving
232,Sapienza University of Rome,51.1,52.4,44.9,67.7,53.0,43.5,72604,0.28,0.1,2023,0.1034,0.5071,0.4831,0.4459,0.6737,0.53,0.3918,0.0398,0.0312,0.101,Improving
236,University of Surrey,50.7,31.3,33.9,79.5,45.8,94.8,14960,0.17,0.36,2023,0.1052,0.5027,0.2525,0.3347,0.7929,0.458,0.944,0.0082,0.0185,0.3636,Improving
239,University of Tartu,50.4,26.8,33.1,92.4,45.6,65.4,9235,0.12,0.13,2023,0.1066,0.4995,0.2033,0.3266,0.9232,0.456,0.6276,0.0051,0.0127,0.1313,Improving
244,Vrije Universiteit Brussel,49.9,36.6,43.6,67.4,60.1,77.3,14284,0.34,0.23,2023,0.1088,0.494,0.3104,0.4328,0.6707,0.601,0.7557,0.0078,0.0382,0.2323,Improving
248,University of Wollongong,49.5,31.4,38.2,74.8,57.2,94.0,17440,0.29,0.27,2023,0.1106,0.4897,0.2536,0.3782,0.7455,0.572,0.9354,0.0096,0.0324,0.2727,Improving
252,University of Bath,49.5,32.2,33.8,73.8,39.9,93.4,14955,0.15,0.34,2023,0.1124,0.4897,0.2623,0.3337,0.7354,0.399,0.929,0.0082,0.0162,0.3434,Improving
263,Deakin University,49.5,25.0,33.0,83.2,44.6,88.7,43080,0.34,0.25,2023,0.1173,0.4897,0.1836,0.3256,0.8303,0.446,0.8784,0.0236,0.0382,0.2525,Improving
280,University of Navarra,49.5,30.7,30.3,84.7,66.2,72.5,11466,0.15,0.27,2023,0.1249,0.4897,0.2459,0.2983,0.8455,0.662,0.704,0.0063,0.0162,0.2727,Improving
